laufzeit,hoehe,alter,laufkont,moral,verw,sparkont,beszeit,rate,famges,buerge,wohnzeit,verm,weitkred,wohn,bishkred,beruf,pers,telef,gastarb,kredit
12,1108,28,a0,c0,d5,f0,g3,h3,i2,j0,k2,l0,n2,o1,p1,q2,r1,s0,t1,u0
6,662,41,a0,c2,d0,f0,g1,h2,i2,j0,k3,l0,n2,o1,p0,q1,r0,s1,t1,u1
12,1103,29,a1,c2,d3,f0,g3,h3,i2,j2,k2,l0,n2,o1,p1,q2,r1,s0,t1,u1
18,2779,21,a1,c2,d1,f0,g2,h0,i3,j0,k2,l2,n2,o0,p0,q2,r1,s1,t1,u1
6,1204,35,a3,c0,d0,f1,g2,h3,i2,j0,k0,l3,n0,o0,p0,q2,r1,s0,t0,u1
6,1338,62,a3,c2,d4,f2,g2,h0,i0,j0,k3,l0,n2,o1,p0,q2,r1,s0,t1,u1
24,2039,22,a1,c2,d3,f0,g1,h0,i3,j0,k0,l1,n2,o1,p0,q2,r1,s1,t1,u0
36,5742,31,a3,c2,d8,f1,g3,h1,i2,j0,k1,l2,n2,o1,p1,q2,r1,s1,t1,u1
18,4439,33,a1,c2,d8,f0,g4,h0,i2,j1,k0,l0,n0,o1,p0,q3,r1,s1,t1,u1
12,1007,22,a1,c2,d0,f3,g2,h3,i3,j0,k0,l0,n2,o1,p0,q2,r1,s0,t1,u1
12,1474,33,a2,c2,d2,f0,g1,h3,i1,j0,k0,l1,n0,o1,p0,q3,r1,s1,t1,u1
18,1245,33,a1,c4,d3,f0,g2,h3,i3,j0,k1,l2,n2,o1,p0,q2,r1,s0,t1,u0
15,1053,27,a0,c2,d3,f0,g1,h3,i3,j0,k1,l0,n2,o1,p0,q2,r1,s0,t0,u1
18,3190,24,a0,c2,d3,f0,g2,h1,i1,j0,k1,l0,n2,o1,p0,q2,r1,s0,t1,u0
24,6314,27,a3,c4,d9,f0,g0,h3,i2,j1,k1,l3,n0,o1,p1,q3,r1,s1,t1,u1
9,1366,22,a0,c2,d3,f0,g1,h2,i1,j0,k3,l1,n2,o0,p0,q2,r1,s0,t1,u0
18,5866,30,a1,c2,d0,f1,g2,h1,i2,j0,k1,l2,n2,o1,p1,q2,r1,s1,t1,u1
24,1927,33,a3,c4,d6,f4,g2,h2,i1,j0,k1,l2,n2,o1,p1,q2,r1,s1,t1,u1
6,1352,23,a0,c2,d1,f2,g0,h0,i1,j0,k1,l1,n2,o0,p0,q0,r1,s1,t1,u1
9,1449,27,a3,c2,d8,f0,g3,h2,i1,j0,k1,l2,n2,o1,p1,q2,r1,s0,t1,u1
21,3652,27,a1,c4,d8,f0,g3,h1,i2,j0,k2,l1,n2,o1,p1,q2,r1,s0,t1,u1
18,3244,33,a1,c0,d2,f0,g2,h0,i1,j0,k3,l2,n0,o1,p1,q2,r1,s1,t1,u1
24,5084,42,a1,c2,d3,f4,g4,h1,i1,j0,k3,l2,n2,o1,p0,q2,r1,s1,t1,u1
18,1940,36,a0,c1,d3,f0,g1,h2,i2,j1,k3,l3,n0,o2,p0,q3,r1,s1,t1,u1
21,2241,50,a3,c2,d2,f0,g4,h3,i2,j0,k1,l0,n2,o1,p1,q2,r1,s0,t1,u1
15,1360,31,a3,c4,d3,f0,g2,h3,i2,j0,k1,l1,n2,o1,p1,q2,r1,s0,t1,u1
9,1224,30,a3,c4,d0,f0,g2,h2,i2,j0,k0,l0,n2,o1,p1,q2,r1,s0,t1,u1
12,2121,30,a0,c4,d0,f0,g2,h3,i2,j0,k1,l1,n2,o1,p1,q2,r1,s0,t1,u1
12,1386,26,a3,c2,d0,f2,g2,h1,i1,j0,k1,l1,n2,o1,p0,q2,r1,s0,t1,u0
24,3345,39,a0,c2,d2,f0,g4,h3,i2,j0,k1,l1,n2,o0,p0,q3,r1,s1,t1,u0
24,3488,23,a3,c2,d1,f1,g3,h2,i1,j0,k3,l2,n2,o1,p0,q2,r1,s0,t1,u1
24,1967,20,a1,c2,d3,f0,g4,h3,i1,j0,k3,l2,n2,o1,p0,q2,r1,s1,t1,u1
6,428,49,a0,c2,d2,f0,g4,h1,i1,j0,k0,l1,n0,o1,p0,q2,r1,s1,t1,u1
24,4020,27,a0,c2,d2,f0,g2,h1,i2,j0,k1,l2,n1,o1,p0,q2,r1,s0,t1,u1
10,1546,31,a3,c2,d0,f0,g2,h2,i2,j0,k1,l0,n2,o1,p0,q1,r0,s0,t0,u1
24,6842,46,a3,c4,d1,f4,g2,h1,i2,j0,k3,l1,n2,o1,p1,q3,r0,s1,t1,u1
9,1501,34,a1,c4,d6,f0,g4,h1,i1,j0,k2,l2,n2,o1,p1,q3,r1,s1,t1,u0
24,1377,47,a2,c2,d3,f1,g4,h3,i1,j0,k1,l3,n2,o2,p0,q2,r1,s1,t1,u1
24,1246,23,a1,c2,d0,f0,g1,h3,i2,j0,k1,l0,n0,o1,p0,q1,r1,s0,t1,u0
30,3832,22,a1,c2,d2,f0,g1,h1,i3,j0,k0,l1,n2,o1,p0,q2,r1,s0,t1,u1
12,2002,30,a1,c2,d0,f0,g3,h2,i2,j0,k3,l1,n2,o0,p0,q2,r0,s1,t1,u1
6,433,24,a1,c1,d6,f3,g1,h3,i1,j0,k1,l1,n0,o0,p0,q2,r0,s0,t1,u0
48,7582,31,a1,c3,d9,f1,g0,h1,i2,j0,k3,l3,n2,o1,p0,q3,r1,s1,t1,u1
24,5943,44,a3,c2,d3,f4,g1,h0,i1,j0,k0,l2,n2,o1,p1,q2,r1,s1,t1,u0
15,1478,33,a3,c3,d3,f0,g2,h3,i3,j0,k2,l0,n0,o1,p1,q2,r1,s0,t1,u1
15,1979,35,a3,c2,d3,f4,g4,h3,i2,j0,k1,l2,n2,o1,p0,q2,r1,s0,t1,u1
24,1559,40,a3,c1,d8,f0,g3,h3,i2,j0,k3,l2,n0,o1,p0,q2,r1,s1,t1,u1
6,3518,26,a3,c2,d0,f0,g2,h1,i2,j2,k2,l1,n2,o0,p0,q2,r1,s0,t1,u1
6,484,28,a1,c2,d3,f0,g3,h2,i3,j2,k2,l0,n0,o1,p0,q1,r1,s0,t1,u1
12,2859,38,a3,c2,d0,f4,g0,h3,i2,j0,k3,l3,n2,o1,p0,q3,r1,s1,t1,u1
12,1262,25,a3,c2,d3,f0,g2,h2,i2,j0,k1,l2,n2,o1,p0,q2,r1,s0,t1,u1
12,1995,27,a1,c4,d0,f1,g1,h3,i2,j0,k0,l2,n2,o1,p0,q2,r1,s0,t1,u1
18,5302,36,a0,c4,d0,f0,g4,h1,i2,j0,k3,l3,n2,o2,p2,q3,r1,s1,t1,u1
48,6143,58,a0,c4,d1,f0,g4,h3,i1,j0,k3,l3,n1,o2,p1,q1,r1,s0,t1,u0
14,8978,45,a0,c2,d0,f0,g4,h0,i0,j0,k3,l1,n2,o1,p0,q3,r1,s1,t0,u0
12,1410,31,a1,c0,d7,f0,g2,h1,i2,j0,k1,l0,n2,o1,p0,q1,r1,s1,t1,u1
6,1343,46,a2,c4,d0,f0,g4,h0,i2,j0,k3,l0,n2,o1,p1,q2,r0,s0,t0,u1
12,522,42,a3,c4,d3,f2,g4,h3,i2,j0,k3,l1,n2,o1,p1,q2,r0,s1,t1,u1
24,3621,31,a3,c2,d3,f1,g4,h1,i2,j0,k3,l2,n2,o1,p1,q2,r1,s0,t1,u0
47,10722,35,a0,c2,d0,f0,g1,h0,i1,j0,k0,l0,n2,o1,p0,q1,r1,s1,t1,u1
18,1295,27,a1,c4,d2,f0,g1,h3,i1,j0,k0,l1,n2,o1,p1,q2,r1,s0,t1,u1
6,1050,35,a1,c3,d2,f0,g0,h3,i2,j0,k0,l1,n1,o1,p1,q3,r1,s1,t0,u1
9,2136,25,a0,c2,d2,f0,g2,h2,i2,j0,k1,l0,n2,o1,p0,q2,r1,s0,t1,u1
45,4746,24,a1,c4,d3,f0,g1,h3,i2,j0,k1,l1,n0,o1,p1,q1,r1,s0,t1,u0
27,8318,42,a1,c0,d8,f0,g4,h1,i1,j0,k3,l3,n1,o2,p1,q3,r1,s1,t1,u0
36,6229,23,a0,c4,d2,f0,g1,h3,i1,j1,k3,l3,n2,o0,p1,q1,r1,s1,t1,u0
48,3609,27,a3,c1,d8,f0,g2,h0,i1,j0,k0,l0,n1,o1,p0,q2,r1,s0,t1,u1
18,6204,44,a1,c3,d5,f0,g2,h1,i2,j0,k3,l0,n2,o1,p0,q1,r0,s1,t1,u1
18,1582,46,a3,c4,d3,f3,g4,h3,i2,j0,k3,l2,n2,o1,p1,q2,r1,s0,t1,u1
6,250,41,a3,c4,d0,f3,g2,h1,i1,j0,k1,l0,n0,o1,p1,q1,r1,s0,t1,u1
24,6872,55,a0,c1,d2,f0,g1,h1,i0,j0,k0,l1,n0,o1,p0,q2,r1,s1,t1,u0
9,2406,31,a3,c4,d2,f0,g0,h1,i2,j0,k2,l2,n2,o1,p0,q3,r1,s0,t1,u1
6,518,29,a3,c2,d3,f0,g2,h2,i1,j0,k0,l0,n2,o1,p0,q2,r1,s0,t1,u1
48,3051,54,a0,c2,d4,f0,g2,h2,i2,j0,k3,l2,n2,o1,p0,q2,r1,s0,t1,u0
18,1795,48,a1,c4,d3,f0,g4,h2,i1,j2,k3,l0,n0,o0,p1,q1,r1,s1,t1,u1
24,1987,21,a0,c2,d3,f0,g2,h1,i2,j0,k3,l0,n2,o0,p0,q1,r0,s0,t1,u0
12,1526,66,a0,c4,d1,f0,g4,h3,i2,j0,k3,l3,n2,o2,p1,q3,r1,s0,t1,u1
36,3349,28,a3,c2,d2,f0,g2,h3,i1,j0,k1,l2,n2,o1,p0,q3,r1,s1,t1,u0
12,684,40,a0,c2,d6,f0,g2,h3,i2,j0,k3,l2,n2,o0,p0,q1,r0,s0,t1,u0
24,1278,36,a3,c2,d3,f0,g4,h3,i2,j0,k0,l0,n2,o1,p0,q3,r1,s1,t1,u1
24,3123,27,a0,c2,d0,f0,g1,h3,i1,j0,k0,l1,n2,o1,p0,q2,r1,s0,t1,u0
24,1901,29,a3,c2,d3,f1,g2,h3,i2,j0,k3,l2,n2,o0,p0,q3,r1,s1,t1,u1
48,14421,25,a1,c0,d8,f0,g2,h1,i2,j0,k1,l2,n1,o1,p0,q2,r1,s1,t1,u0
24,2064,34,a1,c3,d2,f0,g0,h2,i1,j0,k1,l1,n2,o1,p0,q3,r1,s1,t1,u0
11,1577,20,a1,c2,d2,f3,g1,h3,i1,j0,k0,l0,n2,o1,p0,q2,r1,s0,t1,u1
15,1778,26,a1,c0,d0,f0,g1,h1,i1,j0,k0,l0,n2,o0,p1,q0,r1,s0,t1,u0
21,3414,26,a0,c3,d6,f0,g1,h1,i2,j0,k0,l1,n1,o1,p1,q2,r1,s0,t1,u0
12,1092,49,a1,c2,d3,f0,g2,h3,i1,j2,k3,l0,n2,o1,p1,q2,r1,s1,t1,u1
24,1393,31,a3,c2,d0,f0,g2,h1,i2,j2,k1,l0,n2,o1,p0,q2,r1,s1,t1,u1
48,9960,26,a1,c2,d2,f0,g1,h0,i1,j0,k1,l2,n0,o1,p0,q2,r1,s1,t1,u0
15,392,23,a2,c2,d6,f0,g1,h3,i1,j0,k3,l1,n2,o0,p0,q2,r1,s1,t1,u1
12,926,38,a3,c4,d0,f0,g0,h0,i1,j0,k1,l1,n2,o1,p0,q0,r1,s0,t1,u1
24,2760,36,a1,c2,d1,f4,g4,h3,i2,j0,k3,l3,n0,o2,p0,q2,r1,s1,t1,u1
12,618,56,a3,c4,d3,f0,g4,h3,i2,j0,k3,l0,n2,o1,p0,q2,r1,s0,t1,u1
18,1530,32,a3,c4,d0,f0,g2,h2,i2,j0,k1,l1,n0,o1,p1,q2,r1,s0,t1,u0
36,909,36,a3,c2,d0,f2,g4,h3,i2,j0,k3,l1,n2,o1,p0,q2,r1,s0,t1,u1
21,2745,32,a1,c4,d2,f3,g3,h2,i2,j0,k1,l2,n2,o1,p1,q2,r1,s1,t1,u1
36,10875,45,a3,c3,d0,f0,g4,h1,i2,j0,k1,l2,n2,o1,p1,q2,r0,s1,t1,u1
24,3758,23,a1,c2,d3,f2,g0,h0,i1,j0,k3,l3,n2,o0,p0,q0,r1,s0,t1,u1
12,2366,36,a1,c4,d0,f2,g3,h2,i0,j0,k2,l2,n2,o1,p0,q3,r1,s1,t1,u1
24,3972,25,a3,c2,d2,f0,g3,h1,i1,j0,k3,l1,n2,o0,p0,q2,r1,s1,t1,u1
21,1572,36,a3,c2,d8,f3,g4,h3,i1,j0,k3,l0,n0,o1,p0,q1,r1,s0,t1,u1
6,672,54,a3,c2,d0,f0,g0,h0,i1,j0,k3,l0,n2,o1,p0,q0,r1,s1,t1,u1
12,2762,25,a1,c2,d2,f4,g4,h0,i1,j0,k1,l1,n2,o1,p0,q2,r1,s1,t1,u0
12,339,45,a0,c1,d7,f0,g4,h3,i3,j0,k0,l2,n0,o1,p0,q1,r1,s0,t1,u1
24,3148,31,a2,c4,d3,f4,g2,h2,i2,j0,k1,l2,n2,o1,p1,q2,r1,s1,t1,u1
12,2759,34,a3,c0,d2,f0,g4,h1,i2,j0,k3,l1,n2,o1,p1,q2,r1,s0,t1,u1
6,709,27,a2,c2,d0,f3,g1,h1,i3,j0,k1,l0,n2,o1,p0,q0,r1,s0,t0,u1
27,2528,32,a1,c2,d8,f0,g1,h3,i1,j0,k0,l1,n2,o1,p0,q2,r0,s1,t1,u1
18,629,32,a3,c4,d3,f2,g4,h3,i2,j0,k2,l1,n0,o1,p1,q3,r1,s1,t1,u1
24,2375,44,a3,c3,d8,f2,g2,h3,i2,j0,k1,l2,n2,o1,p1,q2,r0,s1,t1,u1
18,3001,40,a1,c2,d2,f0,g3,h1,i1,j0,k3,l0,n2,o0,p0,q2,r1,s0,t1,u1
24,2223,52,a3,c4,d3,f1,g4,h3,i2,j0,k3,l1,n0,o1,p1,q2,r1,s0,t1,u1
12,1037,39,a1,c2,d8,f1,g3,h2,i2,j0,k3,l0,n2,o1,p0,q1,r1,s0,t1,u1
12,1657,27,a0,c2,d2,f0,g2,h1,i2,j0,k1,l0,n2,o1,p0,q2,r1,s0,t1,u1
36,4454,34,a3,c3,d3,f0,g2,h3,i1,j0,k3,l0,n2,o1,p1,q2,r1,s0,t1,u1
30,5234,28,a1,c4,d0,f0,g0,h3,i3,j0,k1,l2,n2,o1,p1,q3,r1,s0,t1,u0
30,2181,36,a1,c4,d0,f4,g4,h3,i2,j0,k3,l0,n2,o1,p1,q2,r1,s0,t1,u1
8,1164,51,a0,c4,d9,f0,g4,h2,i2,j0,k3,l3,n0,o2,p1,q3,r0,s1,t1,u1
6,700,36,a3,c4,d3,f4,g4,h3,i2,j0,k3,l3,n2,o2,p1,q2,r1,s0,t1,u1
12,2073,28,a3,c2,d3,f1,g2,h3,i1,j1,k1,l0,n2,o1,p0,q2,r1,s0,t1,u1
12,1274,37,a0,c2,d0,f0,g1,h2,i1,j0,k0,l0,n0,o1,p0,q1,r1,s0,t1,u0
18,2462,22,a0,c2,d2,f0,g2,h1,i2,j0,k1,l2,n2,o1,p0,q2,r1,s0,t1,u0
24,1275,36,a2,c4,d8,f3,g2,h1,i0,j0,k3,l0,n2,o1,p1,q2,r1,s1,t1,u1
9,936,52,a3,c4,d6,f2,g4,h3,i2,j0,k1,l2,n2,o1,p1,q2,r1,s1,t1,u1
21,3160,41,a3,c2,d3,f4,g4,h3,i2,j0,k2,l1,n2,o1,p0,q2,r1,s1,t1,u1
12,708,38,a0,c2,d2,f0,g2,h1,i2,j2,k2,l1,n2,o1,p0,q1,r0,s0,t1,u1
6,753,64,a1,c2,d3,f0,g2,h1,i1,j2,k2,l0,n2,o1,p0,q2,r1,s0,t1,u1
15,2631,25,a1,c2,d5,f1,g2,h2,i1,j0,k1,l0,n2,o1,p0,q1,r1,s0,t1,u1
6,448,23,a0,c2,d6,f0,g1,h3,i1,j0,k3,l1,n2,o1,p0,q2,r1,s0,t1,u0
12,3017,34,a1,c2,d2,f0,g1,h2,i1,j0,k0,l0,n2,o0,p0,q3,r1,s0,t1,u1
33,2764,26,a3,c3,d8,f0,g2,h1,i1,j0,k1,l2,n2,o1,p1,q2,r1,s1,t1,u1
36,5800,34,a1,c4,d1,f0,g2,h2,i2,j0,k3,l2,n2,o1,p1,q2,r1,s1,t1,u1
12,1402,37,a3,c4,d2,f2,g3,h2,i1,j0,k3,l2,n2,o0,p0,q2,r1,s1,t1,u1
12,1372,36,a0,c2,d0,f0,g3,h1,i0,j0,k2,l2,n2,o1,p0,q2,r1,s0,t1,u0
24,3161,31,a0,c1,d8,f0,g2,h3,i2,j0,k1,l1,n0,o0,p0,q2,r1,s1,t1,u0
12,3016,24,a2,c2,d3,f0,g2,h2,i3,j0,k0,l2,n2,o1,p0,q2,r1,s0,t1,u1
24,2828,22,a0,c1,d2,f2,g2,h3,i2,j0,k3,l0,n1,o1,p0,q2,r1,s1,t1,u1
12,1264,57,a3,c4,d8,f4,g4,h3,i2,j0,k3,l3,n2,o0,p0,q1,r1,s0,t1,u1
36,1977,40,a0,c2,d6,f4,g4,h3,i2,j0,k3,l3,n2,o1,p0,q3,r1,s1,t1,u0
18,1131,33,a0,c2,d2,f0,g0,h3,i1,j0,k1,l2,n2,o1,p0,q2,r1,s0,t1,u0
18,2864,34,a2,c2,d2,f0,g2,h1,i2,j0,k0,l0,n2,o1,p0,q1,r0,s0,t1,u0
36,2394,25,a3,c2,d3,f4,g2,h3,i1,j0,k3,l2,n2,o1,p0,q2,r1,s0,t1,u1
12,3331,42,a3,c4,d2,f0,g4,h1,i2,j0,k3,l1,n1,o1,p0,q2,r1,s0,t1,u1
30,10623,38,a0,c4,d1,f0,g4,h2,i2,j0,k3,l3,n2,o2,p2,q3,r0,s1,t1,u1
12,2247,36,a2,c3,d0,f0,g2,h1,i1,j0,k1,l2,n1,o1,p1,q2,r1,s1,t1,u1
18,1055,30,a3,c4,d0,f0,g1,h3,i1,j0,k0,l1,n2,o1,p1,q2,r1,s0,t1,u1
24,1231,57,a0,c4,d3,f3,g4,h3,i1,j0,k3,l1,n2,o0,p1,q3,r1,s1,t1,u1
15,1520,63,a3,c4,d2,f4,g4,h3,i2,j0,k3,l1,n2,o1,p0,q2,r1,s0,t1,u1
24,11938,39,a1,c4,d9,f0,g2,h1,i2,j1,k2,l2,n2,o1,p1,q3,r0,s1,t1,u0
36,14318,57,a1,c2,d0,f0,g4,h3,i2,j0,k1,l3,n2,o2,p0,q3,r1,s1,t1,u0
24,3181,26,a3,c2,d3,f0,g1,h3,i1,j0,k3,l1,n2,o1,p0,q2,r1,s1,t1,u1
12,2577,42,a0,c2,d2,f0,g2,h1,i0,j0,k0,l2,n2,o1,p0,q2,r1,s0,t1,u1
36,9055,35,a3,c2,d6,f4,g2,h1,i2,j0,k3,l3,n2,o2,p0,q1,r0,s1,t1,u1
15,806,22,a0,c2,d8,f0,g2,h3,i1,j0,k3,l1,n2,o1,p0,q1,r1,s0,t1,u1
24,3632,22,a0,c1,d1,f0,g2,h0,i1,j2,k3,l2,n0,o0,p0,q2,r1,s0,t0,u1
18,3509,25,a0,c2,d3,f0,g3,h3,i1,j2,k0,l0,n2,o1,p0,q2,r1,s0,t1,u1
36,9398,28,a1,c2,d1,f0,g1,h0,i3,j0,k3,l2,n2,o0,p0,q3,r1,s1,t1,u0
60,15653,21,a3,c3,d3,f0,g3,h1,i2,j0,k3,l2,n2,o1,p1,q2,r1,s1,t1,u1
8,713,47,a0,c4,d0,f0,g4,h3,i2,j0,k3,l0,n2,o1,p1,q1,r1,s0,t1,u1
18,1864,30,a3,c4,d6,f1,g2,h3,i1,j0,k1,l0,n2,o1,p1,q2,r1,s0,t1,u0
60,13756,63,a3,c4,d0,f4,g4,h1,i2,j0,k3,l3,n0,o2,p0,q3,r1,s1,t1,u1
11,3905,36,a0,c4,d0,f0,g2,h1,i2,j0,k1,l0,n2,o0,p1,q2,r0,s0,t1,u1
24,2896,29,a1,c2,d3,f1,g1,h1,i2,j0,k0,l2,n2,o1,p0,q2,r1,s0,t1,u1
9,2030,24,a1,c2,d2,f4,g3,h1,i2,j0,k0,l2,n2,o1,p0,q2,r1,s1,t1,u1
10,2848,32,a3,c2,d1,f1,g2,h0,i2,j1,k1,l0,n2,o1,p0,q2,r0,s0,t1,u1
6,932,39,a1,c4,d7,f4,g3,h0,i1,j0,k2,l1,n2,o1,p1,q1,r1,s0,t1,u1
24,1516,43,a3,c4,d3,f3,g2,h3,i1,j0,k0,l0,n2,o1,p1,q1,r1,s0,t1,u1
24,6568,21,a0,c2,d8,f0,g2,h1,i3,j0,k1,l2,n1,o1,p0,q1,r1,s0,t1,u1
21,2767,61,a1,c2,d8,f1,g4,h3,i0,j0,k1,l2,n2,o0,p1,q1,r1,s0,t1,u0
6,426,39,a3,c0,d3,f0,g4,h3,i3,j0,k3,l2,n2,o1,p0,q1,r1,s0,t1,u1
12,3651,31,a0,c2,d0,f3,g2,h0,i2,j0,k2,l1,n2,o1,p0,q2,r0,s0,t1,u1
24,11328,29,a1,c2,d9,f0,g2,h1,i2,j1,k2,l2,n0,o1,p1,q3,r1,s1,t1,u0
24,1851,33,a3,c4,d3,f0,g3,h3,i3,j2,k1,l2,n2,o1,p1,q2,r1,s1,t1,u1
24,1935,31,a1,c4,d8,f0,g4,h3,i0,j0,k3,l0,n2,o1,p1,q2,r1,s1,t1,u0
36,9572,28,a3,c3,d8,f0,g1,h0,i0,j0,k0,l2,n2,o1,p1,q2,r1,s0,t1,u0
36,3249,39,a0,c2,d0,f0,g3,h1,i2,j0,k3,l3,n0,o2,p0,q3,r0,s1,t1,u1
4,1455,42,a3,c4,d0,f0,g3,h1,i2,j0,k0,l0,n2,o1,p2,q1,r0,s0,t1,u1
12,2122,39,a0,c4,d0,f0,g2,h2,i2,j0,k1,l0,n2,o0,p1,q1,r0,s0,t0,u1
12,1258,22,a3,c4,d2,f0,g1,h1,i1,j0,k3,l1,n2,o0,p1,q1,r1,s0,t1,u1
24,2812,26,a0,c2,d1,f4,g4,h1,i1,j0,k3,l0,n2,o0,p0,q2,r1,s0,t1,u1
30,4249,28,a1,c4,d0,f0,g0,h3,i3,j0,k1,l2,n2,o1,p1,q3,r1,s0,t1,u0
15,950,33,a0,c0,d0,f0,g4,h3,i2,j0,k2,l2,n2,o0,p1,q2,r0,s0,t1,u0
12,1498,23,a0,c2,d3,f0,g2,h3,i1,j0,k0,l2,n0,o1,p0,q2,r1,s0,t1,u1
12,1804,44,a1,c4,d1,f1,g1,h2,i2,j0,k3,l1,n2,o1,p0,q2,r1,s0,t1,u1
21,3763,24,a0,c2,d0,f4,g3,h1,i2,j1,k1,l0,n2,o1,p0,q1,r1,s0,t0,u1
36,2820,27,a1,c4,d0,f0,g1,h3,i0,j0,k3,l2,n2,o1,p1,q2,r1,s0,t1,u0
24,6579,29,a0,c2,d1,f0,g0,h3,i2,j0,k1,l3,n2,o2,p0,q3,r1,s1,t1,u1
12,7472,24,a1,c2,d0,f4,g0,h0,i1,j0,k1,l0,n2,o0,p0,q0,r1,s0,t1,u1
36,5493,42,a0,c2,d1,f0,g4,h1,i2,j0,k3,l3,n2,o2,p0,q2,r0,s0,t1,u1
15,2631,28,a1,c2,d0,f1,g2,h1,i1,j0,k3,l2,n2,o0,p1,q2,r1,s1,t1,u0
24,1603,55,a0,c2,d3,f0,g4,h3,i1,j0,k3,l2,n2,o1,p0,q2,r1,s0,t1,u1
24,2397,35,a3,c2,d3,f2,g4,h2,i2,j0,k1,l2,n0,o1,p1,q2,r1,s1,t1,u0
12,3399,37,a2,c2,d3,f4,g4,h1,i2,j0,k2,l2,n2,o1,p0,q3,r1,s0,t1,u1
18,3229,38,a3,c4,d1,f4,g0,h1,i2,j0,k3,l3,n2,o1,p0,q3,r1,s1,t1,u1
48,4605,24,a0,c0,d1,f0,g4,h2,i2,j0,k3,l3,n2,o2,p1,q2,r0,s0,t1,u0
12,2214,24,a0,c2,d3,f0,g2,h3,i2,j0,k2,l1,n2,o1,p0,q1,r1,s0,t1,u1
12,804,38,a3,c2,d3,f0,g4,h3,i2,j0,k3,l2,n2,o1,p0,q2,r1,s0,t1,u1
24,1585,40,a3,c4,d2,f0,g3,h3,i2,j0,k2,l1,n2,o1,p1,q2,r1,s0,t1,u1
15,1569,34,a3,c1,d3,f1,g4,h3,i2,j0,k3,l2,n0,o1,p0,q1,r0,s0,t1,u1
15,2186,33,a3,c2,d2,f4,g3,h0,i1,j0,k3,l0,n0,o0,p0,q1,r1,s0,t1,u1
48,11590,24,a3,c4,d1,f1,g2,h1,i1,j0,k3,l2,n2,o0,p1,q1,r1,s0,t1,u0
9,1288,48,a0,c4,d5,f1,g4,h2,i2,j2,k3,l0,n2,o1,p1,q2,r0,s0,t0,u1
9,654,28,a0,c2,d0,f0,g2,h3,i2,j0,k2,l2,n2,o1,p0,q1,r1,s0,t1,u0
39,14179,30,a0,c4,d2,f4,g3,h3,i2,j0,k3,l1,n2,o1,p1,q3,r1,s1,t1,u1
21,3599,26,a0,c2,d2,f0,g3,h0,i1,j0,k3,l2,n2,o0,p0,q1,r1,s0,t1,u1
24,1311,26,a3,c2,d3,f1,g3,h3,i3,j0,k2,l1,n2,o1,p0,q2,r1,s1,t1,u1
24,3105,25,a3,c2,d3,f4,g1,h3,i2,j0,k1,l2,n2,o1,p1,q2,r1,s0,t1,u1
9,1437,29,a1,c1,d0,f1,g3,h1,i2,j0,k2,l3,n2,o1,p0,q2,r1,s0,t1,u0
24,3749,26,a2,c2,d2,f0,g1,h1,i1,j0,k3,l2,n2,o1,p0,q2,r1,s0,t1,u1
24,5743,24,a1,c4,d6,f0,g1,h1,i1,j0,k3,l3,n2,o2,p1,q2,r1,s1,t1,u1
48,8358,30,a1,c0,d0,f2,g1,h0,i1,j0,k0,l2,n2,o1,p1,q2,r1,s0,t1,u1
21,3976,35,a1,c2,d2,f4,g3,h1,i2,j0,k2,l2,n2,o1,p0,q2,r1,s1,t1,u1
15,975,25,a0,c4,d2,f0,g2,h1,i0,j0,k2,l1,n2,o1,p1,q2,r1,s0,t1,u1
12,1860,34,a1,c4,d1,f0,g0,h3,i2,j0,k1,l2,n2,o1,p1,q3,r1,s1,t1,u1
24,5433,26,a3,c2,d1,f4,g0,h1,i1,j0,k3,l1,n2,o0,p0,q3,r1,s1,t1,u1
15,3368,23,a3,c4,d1,f3,g4,h2,i2,j0,k3,l3,n2,o0,p1,q2,r1,s1,t1,u1
36,1953,61,a1,c0,d8,f0,g4,h3,i2,j0,k3,l3,n2,o2,p0,q3,r1,s1,t1,u0
12,685,25,a1,c2,d0,f0,g3,h1,i3,j0,k2,l2,n0,o1,p0,q1,r1,s0,t1,u0
30,3857,40,a0,c2,d1,f0,g2,h3,i0,j0,k3,l1,n2,o1,p0,q3,r1,s1,t1,u1
30,3496,34,a1,c1,d2,f3,g2,h3,i2,j0,k1,l2,n1,o1,p0,q2,r0,s1,t1,u1
6,3384,44,a0,c4,d2,f0,g2,h0,i0,j0,k3,l0,n2,o0,p0,q3,r1,s1,t1,u0
24,1249,28,a3,c2,d0,f0,g1,h3,i3,j0,k1,l0,n2,o1,p0,q2,r1,s0,t1,u1
6,783,26,a3,c1,d0,f4,g2,h0,i2,j2,k1,l0,n1,o1,p0,q1,r0,s0,t1,u1
6,1323,28,a2,c4,d0,f1,g4,h1,i0,j0,k3,l2,n2,o1,p1,q2,r0,s1,t1,u1
36,3620,37,a0,c2,d2,f0,g2,h0,i2,j2,k1,l1,n2,o1,p0,q2,r0,s0,t1,u1
24,1525,34,a3,c2,d0,f3,g3,h3,i1,j0,k2,l2,n2,o1,p0,q2,r0,s1,t1,u1
24,2255,54,a3,c2,d0,f4,g1,h3,i2,j0,k0,l1,n2,o1,p0,q2,r1,s0,t1,u1
12,741,22,a0,c2,d4,f1,g0,h3,i1,j0,k2,l1,n2,o1,p0,q2,r1,s0,t1,u0
36,3535,37,a3,c4,d0,f0,g3,h3,i2,j0,k3,l2,n2,o1,p1,q2,r1,s1,t1,u1
21,2606,28,a0,c2,d3,f0,g1,h3,i1,j0,k3,l1,n2,o0,p0,q3,r1,s1,t1,u1
12,1424,55,a2,c2,d2,f4,g4,h2,i1,j0,k3,l0,n2,o1,p0,q3,r1,s1,t1,u1
48,6999,34,a0,c2,d3,f0,g3,h0,i3,j2,k0,l0,n2,o1,p1,q2,r1,s1,t1,u0
10,1240,48,a2,c2,d0,f1,g4,h0,i1,j0,k3,l3,n2,o2,p0,q1,r0,s0,t1,u0
15,2360,36,a2,c4,d1,f2,g2,h1,i2,j0,k1,l2,n2,o1,p0,q2,r1,s1,t1,u1
45,4576,27,a1,c4,d1,f1,g0,h2,i2,j0,k3,l2,n2,o1,p0,q2,r1,s0,t1,u1
10,1048,23,a1,c1,d3,f0,g2,h3,i2,j0,k3,l0,n1,o1,p0,q1,r1,s0,t1,u1
24,6403,33,a1,c3,d3,f0,g1,h0,i2,j0,k1,l2,n2,o1,p0,q2,r1,s0,t1,u1
15,4657,30,a3,c2,d1,f0,g2,h2,i2,j0,k1,l2,n2,o1,p0,q2,r1,s1,t1,u1
18,2662,32,a3,c2,d0,f4,g3,h3,i2,j0,k2,l1,n2,o1,p0,q2,r1,s0,t0,u1
48,3844,34,a1,c0,d8,f1,g3,h3,i2,j0,k3,l3,n2,o2,p0,q1,r0,s0,t1,u0
12,709,57,a0,c2,d3,f0,g4,h3,i2,j0,k3,l0,n2,o1,p0,q1,r1,s0,t1,u0
4,601,23,a3,c2,d2,f0,g1,h0,i1,j0,k2,l0,n2,o0,p0,q1,r0,s0,t1,u1
20,6468,60,a1,c2,d1,f4,g0,h0,i0,j0,k3,l0,n2,o1,p0,q3,r1,s1,t1,u1
28,2743,29,a3,c4,d3,f0,g4,h3,i2,j0,k1,l2,n2,o1,p1,q2,r1,s0,t1,u1
10,1225,37,a2,c2,d4,f0,g2,h1,i2,j0,k1,l2,n2,o1,p0,q2,r1,s1,t1,u1
39,4933,25,a1,c4,d3,f0,g3,h1,i2,j2,k1,l0,n2,o1,p1,q2,r1,s0,t1,u0
24,7758,29,a1,c4,d1,f3,g4,h1,i1,j0,k3,l3,n2,o0,p0,q2,r1,s0,t1,u1
6,14896,68,a0,c2,d0,f0,g4,h0,i2,j0,k3,l3,n0,o1,p0,q3,r1,s1,t1,u0
9,2507,51,a3,c2,d0,f2,g4,h1,i2,j0,k3,l3,n2,o2,p0,q1,r1,s0,t1,u1
9,5129,74,a1,c1,d1,f0,g4,h1,i1,j0,k3,l3,n0,o2,p0,q3,r0,s1,t1,u0
60,10366,42,a3,c2,d0,f0,g4,h1,i2,j0,k3,l1,n2,o1,p0,q3,r1,s1,t1,u1
9,2799,36,a0,c4,d0,f0,g2,h1,i2,j0,k1,l0,n2,o0,p1,q2,r0,s0,t1,u1
7,2415,34,a1,c2,d3,f0,g2,h2,i2,j2,k1,l0,n2,o1,p0,q2,r1,s0,t1,u1
24,4870,53,a0,c3,d0,f0,g2,h2,i2,j0,k3,l3,n2,o2,p1,q2,r0,s0,t1,u0
9,1138,25,a0,c4,d3,f0,g2,h3,i2,j0,k3,l0,n2,o1,p1,q1,r1,s0,t1,u1
12,697,46,a0,c1,d0,f0,g1,h3,i2,j0,k1,l2,n0,o1,p1,q2,r1,s1,t1,u0
42,4041,36,a3,c4,d2,f2,g2,h3,i2,j0,k3,l0,n2,o1,p1,q2,r1,s1,t1,u1
24,1216,38,a1,c4,d3,f1,g1,h3,i2,j0,k3,l3,n0,o1,p1,q2,r0,s0,t1,u0
12,1297,23,a2,c2,d3,f0,g2,h2,i3,j0,k3,l0,n2,o0,p0,q2,r1,s0,t1,u1
48,6758,31,a0,c2,d3,f0,g2,h2,i1,j0,k1,l2,n2,o1,p0,q2,r1,s1,t1,u0
28,4006,45,a0,c2,d0,f0,g2,h2,i2,j0,k1,l2,n2,o1,p0,q1,r1,s0,t1,u0
24,3149,22,a0,c2,d2,f0,g1,h3,i2,j0,k0,l3,n0,o2,p0,q2,r1,s0,t1,u1
18,1941,35,a1,c2,d8,f3,g2,h3,i2,j0,k1,l1,n2,o1,p0,q1,r1,s1,t1,u1
18,3590,40,a1,c4,d8,f0,g0,h2,i3,j0,k2,l2,n2,o1,p2,q0,r0,s1,t1,u1
36,3711,27,a1,c2,d6,f4,g2,h1,i3,j0,k1,l2,n2,o1,p0,q2,r1,s0,t1,u1
9,458,24,a1,c2,d3,f0,g2,h3,i2,j0,k2,l0,n2,o1,p0,q2,r1,s0,t1,u1
24,1553,23,a1,c3,d3,f1,g3,h2,i1,j0,k1,l1,n2,o0,p1,q2,r1,s1,t1,u1
20,6148,31,a1,c0,d1,f1,g4,h2,i3,j0,k3,l2,n0,o1,p1,q2,r1,s1,t1,u1
11,1154,57,a3,c4,d3,f1,g0,h3,i1,j0,k3,l0,n2,o1,p2,q1,r1,s0,t1,u1
18,976,23,a0,c2,d0,f0,g1,h0,i1,j0,k1,l2,n2,o1,p0,q1,r1,s0,t1,u0
30,3077,40,a3,c4,d3,f4,g4,h2,i2,j0,k1,l2,n2,o1,p1,q2,r0,s1,t1,u1
21,2319,33,a2,c4,d6,f0,g1,h1,i0,j0,k0,l2,n2,o0,p0,q2,r1,s0,t1,u0
9,3074,33,a3,c4,d3,f4,g2,h0,i2,j0,k1,l0,n2,o1,p1,q2,r0,s0,t1,u1
48,3060,28,a1,c2,d3,f0,g3,h3,i2,j0,k3,l0,n2,o1,p1,q2,r1,s0,t1,u0
48,10297,39,a0,c2,d1,f0,g3,h3,i2,j0,k3,l3,n2,o2,p2,q2,r0,s1,t1,u0
60,10144,21,a3,c2,d3,f1,g3,h1,i1,j0,k3,l0,n2,o1,p0,q2,r1,s1,t1,u1
12,1082,48,a0,c0,d0,f0,g2,h3,i2,j0,k3,l2,n0,o1,p1,q2,r1,s0,t1,u0
15,1275,24,a0,c2,d4,f4,g2,h3,i1,j0,k1,l2,n2,o0,p0,q2,r1,s0,t1,u0
24,1333,43,a0,c3,d0,f0,g0,h3,i2,j0,k1,l0,n2,o2,p1,q2,r0,s0,t1,u0
36,7127,23,a3,c4,d2,f0,g1,h1,i1,j0,k3,l1,n2,o0,p1,q2,r1,s1,t1,u0
18,6260,28,a1,c2,d0,f0,g3,h2,i2,j0,k2,l0,n2,o0,p0,q1,r1,s0,t1,u1
6,590,26,a1,c2,d3,f0,g1,h2,i3,j0,k2,l0,n2,o1,p0,q1,r1,s0,t0,u1
24,4591,54,a3,c2,d8,f3,g2,h1,i2,j0,k2,l1,n2,o1,p2,q3,r1,s1,t1,u0
6,1449,31,a1,c3,d8,f1,g4,h0,i0,j0,k1,l2,n0,o1,p1,q2,r0,s0,t1,u1
6,1236,50,a3,c2,d1,f2,g2,h1,i2,j0,k3,l1,n2,o0,p0,q2,r1,s0,t1,u1
15,1264,25,a1,c1,d0,f1,g2,h1,i3,j0,k1,l1,n2,o0,p0,q2,r1,s0,t1,u0
12,1223,46,a1,c2,d0,f0,g4,h0,i0,j0,k0,l0,n2,o0,p1,q2,r1,s0,t1,u0
12,1185,27,a3,c4,d8,f0,g2,h2,i1,j0,k1,l0,n2,o1,p1,q2,r1,s0,t1,u1
18,12976,38,a1,c2,d1,f0,g0,h2,i1,j0,k3,l3,n2,o2,p0,q3,r1,s1,t1,u0
12,5801,49,a3,c4,d2,f4,g4,h1,i2,j0,k3,l1,n2,o0,p0,q2,r1,s1,t0,u1
15,3556,29,a3,c2,d0,f4,g2,h2,i2,j0,k1,l3,n2,o1,p0,q2,r1,s0,t1,u1
18,1056,30,a1,c4,d0,f0,g4,h2,i2,j2,k2,l0,n2,o1,p1,q2,r1,s0,t1,u0
24,2670,35,a3,c2,d1,f0,g4,h3,i2,j0,k3,l2,n2,o1,p0,q3,r1,s1,t1,u1
24,2028,30,a3,c4,d2,f0,g3,h1,i2,j0,k1,l1,n2,o1,p1,q1,r1,s0,t1,u1
42,9283,55,a1,c1,d1,f0,g0,h0,i2,j0,k1,l3,n0,o2,p0,q3,r1,s1,t1,u1
24,2463,27,a3,c4,d0,f1,g3,h3,i3,j0,k2,l1,n2,o1,p1,q2,r1,s1,t1,u1
6,1237,27,a3,c4,d3,f1,g2,h0,i1,j0,k0,l1,n2,o1,p1,q2,r1,s0,t1,u1
12,1893,29,a0,c2,d0,f0,g2,h3,i1,j2,k3,l1,n2,o1,p0,q2,r1,s1,t1,u1
18,3422,47,a3,c2,d2,f0,g4,h3,i2,j0,k3,l1,n0,o1,p2,q2,r0,s1,t1,u1
6,454,22,a1,c2,d5,f0,g1,h2,i3,j0,k0,l1,n2,o1,p0,q1,r1,s0,t1,u1
12,776,28,a3,c2,d3,f0,g2,h3,i3,j0,k1,l0,n2,o1,p0,q2,r1,s0,t1,u1
12,2171,29,a3,c2,d3,f0,g1,h1,i1,j0,k1,l2,n0,o1,p0,q2,r1,s0,t1,u1
30,4272,26,a3,c3,d8,f1,g2,h1,i2,j0,k1,l1,n2,o1,p1,q1,r1,s0,t1,u1
60,6836,63,a0,c3,d8,f0,g4,h2,i2,j0,k3,l3,n2,o1,p1,q2,r1,s1,t1,u0
36,7980,27,a3,c3,d8,f4,g1,h3,i2,j0,k3,l2,n2,o0,p1,q2,r1,s1,t1,u0
15,1433,25,a0,c4,d2,f0,g2,h3,i1,j0,k2,l1,n2,o0,p1,q2,r1,s0,t1,u1
12,1107,20,a0,c2,d3,f0,g2,h1,i2,j0,k1,l0,n2,o0,p0,q3,r0,s1,t1,u1
18,1169,29,a3,c4,d3,f4,g2,h3,i2,j0,k2,l1,n2,o1,p1,q2,r1,s1,t1,u1
18,2899,43,a1,c3,d0,f4,g4,h3,i2,j0,k3,l2,n2,o1,p0,q2,r0,s0,t1,u1
24,1413,28,a3,c2,d3,f0,g2,h3,i3,j0,k1,l1,n2,o1,p0,q2,r1,s0,t1,u1
12,958,47,a1,c4,d0,f0,g3,h1,i2,j0,k2,l0,n2,o1,p1,q1,r0,s0,t1,u1
24,3757,62,a3,c2,d0,f0,g4,h3,i1,j1,k3,l3,n2,o2,p0,q2,r1,s1,t1,u1
36,5179,29,a0,c2,d2,f0,g3,h3,i2,j0,k1,l1,n2,o1,p0,q2,r1,s0,t1,u0
15,1514,22,a1,c2,d5,f1,g2,h3,i2,j2,k1,l0,n2,o1,p0,q2,r1,s0,t1,u1
36,9857,31,a1,c3,d8,f1,g3,h0,i2,j0,k2,l1,n2,o1,p1,q1,r0,s1,t1,u1
6,1743,34,a3,c3,d8,f1,g2,h0,i2,j0,k1,l0,n2,o1,p1,q1,r1,s0,t1,u1
24,2359,33,a0,c2,d2,f1,g0,h0,i0,j0,k0,l1,n2,o1,p0,q2,r1,s0,t1,u0
24,1533,38,a3,c2,d3,f0,g1,h3,i1,j0,k2,l2,n1,o1,p0,q2,r1,s1,t1,u1
15,1386,40,a3,c2,d3,f4,g2,h3,i3,j0,k1,l0,n2,o0,p0,q2,r1,s1,t1,u1
6,1382,28,a3,c4,d3,f0,g2,h0,i1,j0,k0,l2,n2,o1,p1,q2,r1,s1,t1,u1
36,6614,34,a3,c4,d0,f0,g4,h3,i2,j0,k3,l2,n2,o1,p1,q3,r1,s1,t1,u1
24,2346,35,a3,c4,d1,f0,g3,h3,i2,j0,k2,l2,n2,o1,p1,q2,r1,s1,t1,u1
21,571,65,a0,c4,d0,f0,g4,h3,i2,j0,k3,l0,n2,o1,p1,q2,r1,s0,t1,u1
13,2101,23,a1,c2,d3,f0,g1,h1,i1,j2,k3,l1,n2,o1,p0,q1,r1,s0,t1,u1
9,2753,35,a3,c2,d3,f1,g4,h2,i2,j1,k3,l2,n2,o1,p0,q2,r1,s1,t1,u1
48,6560,24,a1,c2,d0,f1,g3,h2,i2,j0,k1,l1,n2,o1,p0,q2,r1,s0,t1,u0
60,6288,42,a1,c2,d6,f0,g2,h3,i2,j0,k3,l3,n2,o2,p0,q2,r1,s0,t1,u0
18,433,22,a3,c2,d3,f0,g0,h2,i1,j1,k3,l0,n2,o0,p0,q2,r1,s0,t1,u0
36,3990,29,a1,c1,d4,f4,g1,h2,i1,j0,k1,l3,n0,o1,p0,q0,r1,s0,t1,u1
30,7485,53,a3,c1,d1,f4,g0,h3,i1,j0,k0,l0,n0,o1,p0,q3,r1,s1,t1,u0
12,1101,27,a3,c2,d0,f0,g2,h2,i3,j0,k1,l0,n2,o1,p1,q2,r1,s1,t1,u1
13,1797,28,a0,c4,d8,f0,g1,h2,i2,j0,k0,l1,n0,o1,p1,q1,r1,s0,t1,u1
24,2424,53,a3,c4,d3,f4,g4,h3,i2,j0,k3,l1,n2,o1,p1,q2,r1,s0,t1,u1
18,3378,31,a3,c2,d1,f4,g2,h1,i2,j0,k0,l1,n2,o1,p0,q2,r1,s1,t1,u1
12,609,26,a2,c1,d8,f0,g1,h3,i1,j0,k0,l0,n0,o1,p0,q0,r1,s0,t1,u0
30,5954,38,a3,c4,d3,f0,g3,h2,i2,j1,k1,l2,n2,o1,p0,q2,r1,s0,t1,u1
13,882,23,a1,c4,d3,f0,g1,h3,i2,j2,k3,l0,n2,o1,p1,q2,r1,s0,t1,u1
24,3235,36,a3,c2,d3,f2,g4,h2,i0,j0,k1,l2,n2,o1,p0,q3,r1,s1,t1,u1
18,3850,27,a3,c4,d1,f0,g3,h2,i2,j0,k0,l2,n2,o1,p1,q2,r1,s0,t1,u1
18,2169,28,a3,c3,d8,f0,g2,h3,i3,j0,k1,l2,n2,o1,p0,q2,r1,s1,t1,u0
24,4151,35,a3,c3,d2,f1,g2,h1,i2,j0,k2,l1,n2,o1,p1,q2,r1,s0,t1,u1
30,3017,47,a2,c4,d3,f0,g4,h3,i2,j0,k3,l1,n2,o1,p0,q2,r1,s0,t1,u1
48,5096,30,a1,c4,d2,f0,g2,h1,i1,j0,k2,l2,n2,o1,p0,q3,r1,s1,t1,u0
27,5293,50,a0,c0,d8,f0,g0,h1,i2,j0,k3,l1,n2,o1,p1,q2,r1,s1,t1,u0
15,1721,36,a0,c2,d0,f0,g1,h1,i2,j0,k2,l0,n2,o1,p0,q2,r1,s0,t1,u1
24,2718,20,a1,c2,d0,f0,g2,h2,i1,j0,k3,l1,n2,o0,p0,q1,r1,s1,t1,u0
36,3446,42,a0,c2,d2,f0,g4,h3,i2,j0,k1,l2,n2,o1,p0,q2,r0,s0,t1,u0
12,795,53,a0,c2,d6,f0,g1,h3,i1,j0,k3,l1,n2,o1,p0,q2,r1,s0,t1,u0
18,4297,40,a1,c3,d2,f0,g4,h3,i0,j0,k2,l3,n2,o1,p0,q3,r1,s1,t1,u0
36,3959,30,a0,c2,d2,f0,g0,h3,i2,j0,k2,l1,n2,o1,p0,q3,r1,s1,t1,u1
6,1361,40,a0,c4,d0,f0,g1,h1,i2,j0,k3,l0,n2,o1,p0,q1,r0,s0,t0,u1
18,6761,68,a3,c2,d0,f4,g2,h1,i2,j0,k3,l2,n1,o0,p1,q2,r1,s0,t1,u0
42,3394,65,a0,c4,d5,f0,g0,h3,i2,j1,k3,l2,n2,o1,p1,q0,r1,s0,t1,u1
6,362,52,a3,c4,d0,f1,g2,h3,i1,j0,k3,l2,n2,o1,p1,q1,r1,s0,t1,u1
12,652,24,a0,c2,d2,f0,g4,h3,i1,j0,k3,l1,n2,o0,p0,q2,r1,s0,t1,u1
42,7882,45,a0,c2,d2,f0,g3,h1,i2,j2,k3,l1,n2,o2,p0,q2,r0,s0,t1,u1
60,14782,60,a1,c1,d9,f1,g4,h2,i1,j0,k3,l3,n0,o2,p1,q3,r1,s1,t1,u0
9,1337,34,a2,c0,d3,f0,g1,h3,i2,j0,k1,l2,n2,o1,p1,q3,r1,s1,t1,u0
18,2389,27,a0,c2,d3,f0,g1,h3,i1,j0,k0,l2,n1,o1,p0,q2,r1,s0,t1,u1
42,3965,34,a0,c2,d3,f0,g1,h3,i2,j0,k2,l2,n2,o1,p0,q2,r1,s0,t1,u0
12,3499,29,a0,c4,d0,f0,g2,h2,i1,j1,k1,l0,n2,o1,p1,q2,r1,s0,t1,u0
30,1715,26,a1,c2,d3,f4,g2,h3,i1,j0,k0,l2,n2,o1,p0,q2,r1,s0,t1,u1
12,983,19,a1,c2,d2,f3,g1,h0,i1,j0,k3,l0,n2,o0,p0,q1,r1,s0,t1,u1
18,1149,46,a3,c4,d3,f3,g2,h3,i2,j0,k2,l0,n2,o1,p1,q2,r1,s0,t1,u1
24,5152,25,a2,c2,d3,f0,g3,h3,i2,j0,k1,l2,n0,o1,p0,q2,r1,s0,t1,u1
14,1410,35,a1,c2,d8,f2,g4,h0,i3,j0,k1,l0,n2,o1,p0,q2,r1,s1,t1,u1
24,4169,28,a0,c2,d2,f0,g2,h3,i2,j0,k3,l1,n2,o1,p0,q2,r1,s0,t1,u1
24,929,31,a3,c2,d2,f4,g3,h3,i2,j0,k1,l2,n1,o1,p0,q2,r1,s1,t1,u1
36,9271,24,a0,c2,d0,f0,g3,h1,i2,j0,k0,l2,n2,o1,p0,q2,r1,s1,t1,u0
48,6416,59,a1,c1,d8,f0,g4,h3,i1,j0,k2,l3,n2,o0,p0,q2,r1,s0,t1,u0
48,7685,37,a0,c1,d8,f0,g3,h1,i1,j2,k3,l2,n2,o0,p0,q2,r1,s0,t1,u0
12,2279,37,a3,c2,d3,f4,g2,h3,i2,j0,k3,l3,n2,o2,p0,q2,r1,s1,t1,u1
15,6850,34,a1,c1,d0,f1,g0,h0,i2,j0,k1,l1,n1,o1,p0,q3,r0,s1,t1,u0
10,1364,64,a3,c2,d0,f0,g2,h1,i1,j0,k3,l2,n2,o1,p0,q2,r1,s1,t1,u1
15,3594,46,a3,c3,d1,f0,g1,h0,i1,j0,k1,l1,n2,o1,p1,q1,r1,s0,t1,u1
24,2924,63,a0,c2,d1,f0,g2,h2,i2,j2,k3,l3,n0,o1,p0,q2,r0,s1,t1,u1
6,1209,47,a1,c3,d0,f0,g0,h3,i2,j0,k3,l1,n2,o1,p0,q3,r1,s1,t1,u0
48,4788,26,a0,c2,d1,f0,g3,h3,i2,j0,k2,l1,n2,o1,p0,q2,r0,s0,t1,u1
12,1484,25,a1,c2,d3,f4,g2,h1,i3,j0,k0,l0,n2,o1,p0,q2,r1,s1,t1,u0
36,5371,28,a0,c4,d2,f0,g2,h2,i2,j2,k1,l1,n2,o1,p1,q2,r1,s0,t1,u1
24,2022,37,a3,c4,d0,f0,g2,h3,i1,j0,k3,l2,n2,o1,p0,q2,r1,s1,t1,u1
15,1444,23,a1,c2,d3,f4,g1,h3,i2,j0,k0,l1,n2,o1,p0,q2,r1,s0,t1,u1
18,2775,31,a3,c4,d0,f0,g3,h1,i2,j0,k1,l1,n0,o1,p1,q2,r1,s0,t1,u0
24,3777,40,a3,c4,d2,f3,g2,h3,i2,j0,k3,l0,n2,o1,p0,q2,r1,s1,t1,u1
27,5190,48,a3,c2,d5,f4,g4,h3,i2,j0,k3,l1,n2,o1,p3,q2,r0,s1,t1,u1
10,2132,27,a0,c4,d2,f4,g1,h1,i1,j1,k2,l0,n2,o0,p1,q2,r1,s0,t0,u1
12,2028,30,a1,c2,d1,f4,g2,h3,i2,j0,k1,l2,n2,o1,p0,q2,r1,s0,t1,u1
36,8086,42,a1,c3,d0,f1,g4,h1,i2,j0,k3,l2,n1,o1,p3,q3,r1,s1,t1,u0
24,3021,24,a0,c2,d2,f0,g2,h1,i0,j0,k1,l0,n2,o0,p0,q1,r1,s0,t1,u1
15,1471,35,a3,c4,d3,f0,g2,h3,i2,j0,k3,l3,n2,o2,p1,q2,r1,s1,t1,u1
6,368,38,a1,c2,d3,f4,g4,h3,i2,j0,k3,l1,n2,o1,p0,q2,r1,s0,t1,u1
6,2978,32,a3,c2,d2,f2,g2,h0,i2,j0,k1,l2,n2,o1,p0,q2,r1,s1,t1,u1
24,3512,38,a1,c2,d0,f1,g3,h1,i2,j0,k2,l2,n0,o1,p1,q2,r1,s1,t1,u1
15,1271,39,a2,c4,d3,f4,g2,h2,i2,j0,k3,l3,n2,o2,p1,q2,r1,s1,t1,u0
7,2329,45,a1,c2,d3,f0,g1,h0,i1,j2,k0,l0,n2,o1,p0,q2,r1,s0,t1,u1
27,2570,21,a3,c2,d0,f0,g2,h2,i1,j0,k2,l0,n2,o0,p0,q2,r1,s0,t1,u0
15,1300,45,a3,c2,d1,f4,g4,h3,i2,j0,k3,l3,n0,o2,p0,q2,r0,s0,t1,u1
24,3863,32,a3,c3,d8,f0,g2,h0,i2,j0,k1,l3,n2,o2,p0,q2,r1,s0,t1,u1
24,1469,41,a3,c2,d0,f1,g4,h3,i3,j0,k3,l0,n2,o0,p0,q1,r1,s0,t1,u1
15,1537,50,a1,c4,d3,f4,g4,h3,i2,j2,k3,l0,n2,o1,p1,q2,r1,s1,t1,u1
18,3612,37,a1,c4,d2,f0,g4,h2,i1,j0,k3,l1,n2,o1,p0,q2,r1,s1,t0,u1
36,3342,51,a3,c4,d3,f4,g4,h3,i2,j0,k1,l2,n2,o1,p0,q2,r1,s1,t1,u1
10,1275,23,a2,c2,d2,f0,g1,h3,i1,j0,k1,l1,n2,o1,p0,q2,r1,s0,t1,u1
24,8648,27,a3,c3,d8,f0,g1,h1,i2,j0,k1,l2,n0,o1,p1,q2,r1,s1,t1,u0
18,1533,43,a3,c2,d2,f0,g1,h3,i3,j1,k0,l1,n2,o1,p0,q1,r0,s0,t1,u0
18,2249,30,a0,c2,d0,f1,g3,h3,i2,j0,k2,l2,n2,o1,p0,q3,r0,s1,t1,u1
12,2930,27,a1,c2,d3,f0,g3,h1,i1,j0,k0,l0,n2,o1,p0,q2,r1,s0,t1,u1
9,1980,19,a3,c2,d2,f0,g1,h1,i1,j1,k1,l2,n2,o0,p1,q2,r1,s0,t1,u0
24,3660,28,a0,c2,d3,f0,g2,h1,i1,j0,k3,l2,n2,o1,p0,q2,r1,s0,t1,u1
9,3577,26,a3,c2,d0,f1,g2,h0,i2,j2,k1,l0,n2,o0,p0,q2,r0,s0,t0,u1
54,15945,58,a1,c0,d8,f0,g1,h2,i2,j0,k3,l3,n2,o0,p0,q2,r1,s1,t1,u0
12,4843,43,a0,c4,d0,f0,g4,h2,i2,j1,k3,l1,n2,o0,p1,q2,r1,s1,t1,u0
15,4623,40,a3,c2,d6,f1,g2,h2,i2,j0,k1,l1,n2,o1,p0,q3,r1,s1,t1,u0
21,1647,40,a0,c1,d0,f4,g2,h3,i2,j0,k1,l1,n0,o1,p1,q1,r0,s0,t1,u0
24,2197,43,a3,c4,d1,f4,g3,h3,i2,j0,k3,l2,n2,o1,p1,q2,r0,s1,t1,u1
12,2251,46,a2,c2,d2,f0,g2,h0,i1,j0,k1,l2,n2,o1,p0,q1,r1,s0,t1,u1
15,3812,23,a3,c2,d1,f1,g1,h0,i1,j0,k3,l2,n2,o1,p0,q2,r1,s1,t1,u1
21,2580,41,a3,c3,d8,f2,g1,h3,i2,j0,k1,l0,n0,o1,p0,q1,r0,s0,t1,u0
12,996,23,a3,c4,d5,f4,g3,h3,i1,j0,k3,l0,n2,o1,p1,q2,r1,s0,t1,u1
21,2353,47,a1,c3,d0,f0,g2,h0,i0,j0,k3,l1,n2,o1,p1,q2,r1,s0,t1,u1
24,717,54,a3,c3,d0,f4,g4,h3,i3,j0,k3,l2,n2,o1,p1,q2,r1,s1,t1,u1
11,1322,40,a1,c4,d0,f3,g2,h3,i1,j0,k3,l2,n2,o1,p1,q2,r1,s0,t1,u1
24,1546,24,a0,c1,d3,f0,g3,h3,i2,j2,k3,l2,n0,o0,p0,q1,r1,s0,t1,u0
12,1858,22,a0,c2,d2,f0,g1,h3,i1,j0,k0,l2,n2,o0,p0,q2,r1,s0,t1,u1
24,2910,34,a0,c2,d1,f0,g3,h1,i2,j0,k0,l3,n2,o2,p0,q3,r1,s1,t1,u1
18,1553,44,a0,c1,d2,f0,g2,h3,i2,j0,k2,l2,n0,o1,p0,q2,r1,s0,t1,u0
12,754,38,a1,c2,d7,f4,g4,h3,i2,j0,k3,l1,n2,o1,p1,q2,r1,s0,t1,u1
6,1238,36,a3,c2,d7,f4,g0,h3,i2,j0,k3,l1,n2,o1,p0,q3,r0,s1,t1,u1
18,1217,47,a0,c2,d4,f0,g2,h3,i3,j0,k2,l0,n2,o1,p0,q1,r1,s1,t1,u0
36,1819,37,a3,c2,d6,f0,g2,h3,i2,j0,k3,l3,n1,o2,p0,q2,r1,s1,t1,u0
24,2611,46,a3,c4,d3,f0,g4,h3,i3,j1,k2,l0,n2,o1,p1,q2,r1,s0,t1,u1
24,7721,30,a0,c2,d2,f4,g1,h0,i1,j0,k1,l1,n2,o1,p0,q2,r1,s1,t0,u1
6,1299,74,a2,c4,d0,f0,g2,h0,i2,j0,k0,l0,n2,o1,p2,q0,r0,s0,t0,u1
24,1285,32,a0,c2,d0,f4,g3,h3,i1,j0,k3,l3,n2,o0,p0,q2,r1,s0,t1,u0
9,1244,41,a3,c4,d6,f4,g4,h3,i1,j0,k3,l1,n2,o0,p1,q1,r1,s0,t1,u1
10,894,40,a3,c2,d7,f4,g3,h3,i1,j0,k2,l1,n2,o1,p0,q2,r1,s1,t1,u1
12,1922,37,a1,c2,d2,f0,g2,h3,i2,j0,k1,l1,n2,o1,p0,q1,r1,s0,t1,u0
12,1393,47,a3,c2,d6,f0,g4,h3,i2,j0,k3,l1,n0,o1,p2,q2,r0,s1,t1,u1
27,3416,27,a0,c2,d3,f0,g2,h2,i2,j0,k1,l2,n2,o1,p0,q3,r1,s0,t1,u1
6,4716,44,a0,c4,d0,f4,g1,h0,i2,j0,k2,l0,n2,o1,p1,q1,r0,s0,t1,u1
36,1842,34,a0,c2,d0,f0,g1,h3,i1,j0,k3,l2,n2,o1,p0,q2,r1,s1,t1,u0
12,3077,52,a3,c2,d3,f0,g2,h1,i2,j0,k3,l2,n2,o1,p0,q2,r1,s1,t1,u1
10,1924,38,a3,c2,d3,f0,g2,h0,i2,j0,k3,l1,n2,o1,p0,q2,r1,s1,t0,u1
6,1203,43,a0,c2,d0,f1,g4,h2,i2,j0,k1,l1,n2,o1,p0,q2,r1,s1,t1,u1
12,6078,32,a1,c2,d0,f0,g3,h1,i2,j0,k1,l2,n2,o1,p0,q2,r1,s0,t1,u1
12,1255,61,a3,c4,d0,f0,g4,h3,i2,j0,k3,l0,n2,o1,p1,q1,r1,s0,t1,u1
24,2578,34,a3,c4,d3,f3,g4,h1,i2,j0,k1,l2,n2,o1,p0,q2,r1,s0,t1,u1
10,727,46,a3,c2,d6,f2,g4,h3,i2,j0,k3,l3,n2,o2,p0,q2,r1,s1,t1,u1
6,1198,35,a0,c1,d6,f0,g4,h3,i1,j0,k3,l3,n2,o2,p0,q2,r1,s0,t1,u0
24,5804,27,a3,c4,d1,f3,g2,h3,i2,j0,k1,l0,n2,o1,p1,q2,r1,s0,t1,u1
24,5103,47,a3,c4,d3,f0,g1,h2,i3,j0,k2,l3,n2,o2,p2,q2,r1,s1,t1,u1
33,4281,23,a0,c4,d2,f2,g2,h0,i1,j0,k3,l2,n2,o1,p1,q2,r1,s0,t1,u0
24,937,27,a3,c2,d7,f0,g1,h3,i3,j0,k2,l2,n2,o1,p1,q1,r1,s0,t1,u1
12,1567,22,a1,c2,d3,f0,g2,h0,i1,j0,k0,l2,n2,o1,p0,q2,r1,s1,t1,u1
8,1237,24,a1,c2,d2,f0,g2,h2,i1,j0,k3,l0,n2,o1,p0,q2,r1,s0,t1,u0
6,1374,36,a0,c2,d2,f0,g2,h0,i2,j0,k1,l0,n0,o1,p0,q1,r1,s1,t1,u1
12,727,33,a0,c2,d3,f1,g1,h3,i3,j0,k2,l3,n2,o1,p0,q1,r1,s1,t1,u0
24,999,25,a3,c2,d3,f4,g4,h3,i2,j0,k1,l2,n2,o1,p1,q2,r1,s0,t1,u1
15,3643,27,a0,c3,d2,f0,g4,h0,i1,j0,k3,l1,n2,o1,p1,q1,r1,s0,t1,u1
60,7418,27,a1,c3,d3,f4,g2,h0,i2,j0,k0,l0,n2,o1,p0,q1,r1,s0,t1,u1
24,4679,35,a3,c3,d1,f0,g3,h2,i2,j0,k2,l2,n2,o1,p1,q1,r1,s1,t1,u1
24,4057,43,a1,c2,d2,f0,g3,h2,i0,j0,k2,l2,n2,o1,p0,q2,r1,s1,t1,u0
24,3617,20,a2,c4,d2,f4,g4,h3,i2,j1,k3,l3,n2,o0,p1,q2,r1,s0,t1,u1
21,12680,30,a3,c4,d0,f4,g4,h3,i2,j0,k3,l3,n2,o2,p0,q3,r1,s1,t1,u0
6,3676,37,a0,c4,d0,f0,g2,h0,i2,j0,k2,l0,n2,o0,p2,q2,r0,s0,t1,u1
6,1346,42,a3,c2,d3,f1,g4,h1,i2,j0,k3,l3,n0,o2,p0,q2,r0,s1,t1,u1
15,1403,28,a0,c2,d0,f0,g2,h1,i1,j0,k3,l2,n2,o0,p0,q2,r1,s0,t1,u1
18,1943,23,a3,c2,d5,f0,g1,h3,i1,j0,k3,l0,n2,o1,p0,q2,r1,s0,t1,u0
10,3949,37,a2,c2,d0,f0,g1,h0,i2,j2,k0,l1,n2,o1,p0,q1,r0,s0,t1,u1
18,3049,45,a2,c2,d2,f0,g1,h0,i1,j0,k0,l1,n1,o1,p0,q1,r1,s0,t1,u1
12,1123,29,a3,c2,d2,f2,g2,h3,i1,j0,k3,l2,n2,o0,p0,q1,r1,s0,t1,u0
12,1200,23,a0,c2,d6,f4,g2,h3,i1,j0,k3,l1,n0,o0,p0,q2,r1,s1,t1,u1
18,1442,32,a0,c1,d0,f0,g3,h3,i2,j0,k3,l3,n0,o2,p1,q1,r0,s0,t1,u0
6,931,32,a1,c1,d0,f1,g1,h0,i1,j0,k0,l1,n1,o1,p0,q1,r1,s0,t1,u0
18,3872,67,a1,c2,d5,f0,g0,h1,i1,j0,k3,l2,n2,o1,p0,q2,r1,s1,t1,u1
24,4736,25,a1,c4,d2,f0,g1,h1,i1,j0,k3,l2,n0,o1,p0,q1,r1,s0,t1,u0
24,1755,58,a0,c2,d9,f0,g4,h3,i1,j2,k3,l0,n2,o1,p0,q1,r1,s1,t1,u1
12,2149,29,a0,c1,d3,f0,g2,h3,i0,j0,k0,l3,n2,o2,p0,q2,r1,s0,t1,u0
10,2315,52,a0,c2,d3,f0,g4,h2,i2,j0,k3,l0,n2,o1,p0,q1,r1,s0,t1,u1
12,691,35,a0,c4,d0,f0,g4,h3,i2,j0,k2,l1,n2,o1,p1,q2,r1,s0,t1,u0
36,2671,50,a1,c2,d3,f1,g2,h3,i1,j1,k3,l3,n2,o2,p0,q2,r1,s0,t1,u0
28,7824,40,a3,c1,d1,f4,g1,h2,i2,j2,k3,l0,n0,o0,p1,q2,r0,s1,t1,u1
48,10961,27,a1,c2,d3,f3,g3,h0,i2,j1,k1,l3,n0,o1,p1,q2,r1,s1,t1,u0
39,2569,24,a3,c2,d1,f2,g2,h3,i2,j0,k3,l2,n2,o1,p0,q2,r1,s0,t1,u1
24,4526,74,a3,c4,d8,f0,g2,h2,i2,j0,k1,l0,n2,o1,p0,q3,r1,s1,t1,u1
6,2080,24,a3,c4,d0,f2,g2,h0,i3,j0,k1,l2,n2,o1,p0,q2,r1,s0,t1,u1
12,1409,54,a0,c4,d1,f0,g4,h3,i2,j0,k2,l0,n2,o1,p0,q2,r1,s0,t1,u1
12,1620,30,a0,c2,d2,f0,g2,h1,i1,j1,k2,l1,n2,o1,p0,q2,r1,s0,t1,u1
9,1478,22,a3,c2,d3,f0,g3,h3,i2,j0,k1,l2,n2,o1,p0,q2,r1,s0,t1,u0
40,5998,27,a0,c4,d6,f0,g2,h3,i2,j0,k2,l3,n0,o1,p0,q2,r1,s1,t1,u0
4,1503,42,a3,c4,d3,f0,g3,h1,i2,j0,k0,l0,n2,o1,p1,q1,r0,s0,t1,u1
18,2238,25,a3,c4,d3,f0,g2,h1,i1,j0,k0,l2,n2,o1,p1,q2,r1,s0,t1,u1
6,1221,27,a3,c4,d2,f4,g2,h0,i3,j0,k1,l1,n2,o1,p1,q2,r1,s0,t1,u1
24,2603,28,a3,c2,d1,f3,g2,h1,i1,j0,k3,l2,n2,o0,p0,q2,r1,s1,t1,u1
13,1409,64,a3,c2,d3,f1,g0,h1,i1,j0,k3,l0,n2,o1,p0,q2,r1,s0,t1,u1
18,1820,30,a3,c2,d0,f0,g2,h1,i3,j0,k1,l1,n2,o1,p0,q3,r1,s1,t1,u1
24,5511,25,a3,c2,d2,f1,g2,h3,i2,j0,k0,l2,n1,o1,p0,q2,r1,s0,t1,u1
9,2118,37,a1,c2,d3,f0,g2,h1,i2,j0,k1,l0,n2,o1,p0,q1,r0,s0,t1,u1
6,1068,28,a1,c2,d3,f0,g4,h3,i2,j0,k3,l2,n2,o1,p0,q2,r0,s0,t1,u1
24,4042,43,a3,c4,d1,f4,g3,h2,i2,j0,k3,l1,n2,o1,p1,q2,r1,s1,t1,u1
24,2679,29,a3,c2,d1,f0,g1,h3,i1,j0,k0,l3,n2,o1,p0,q3,r1,s1,t1,u1
12,1076,26,a3,c2,d8,f0,g2,h1,i3,j0,k1,l0,n2,o1,p0,q2,r1,s1,t1,u1
9,1549,35,a1,c2,d0,f4,g1,h3,i2,j0,k1,l0,n2,o1,p0,q0,r1,s0,t1,u1
24,1965,42,a1,c3,d0,f4,g2,h3,i1,j0,k3,l2,n2,o0,p1,q2,r1,s1,t1,u1
15,5324,35,a3,c2,d0,f2,g4,h0,i1,j0,k3,l3,n2,o2,p0,q2,r1,s0,t1,u1
24,2957,63,a0,c4,d1,f0,g4,h3,i2,j0,k3,l1,n2,o1,p1,q2,r1,s1,t1,u1
24,2032,60,a3,c3,d0,f0,g4,h3,i2,j0,k3,l3,n2,o2,p1,q2,r1,s1,t1,u1
18,1239,61,a1,c2,d6,f4,g2,h3,i2,j0,k3,l3,n2,o2,p0,q2,r1,s0,t1,u1
36,2145,24,a0,c3,d8,f0,g3,h1,i2,j0,k0,l2,n2,o1,p1,q2,r1,s1,t1,u0
15,1459,43,a3,c4,d3,f0,g2,h3,i1,j0,k1,l2,n2,o1,p0,q1,r1,s0,t1,u1
12,1493,34,a3,c2,d3,f0,g1,h3,i1,j0,k2,l2,n2,o1,p0,q2,r0,s0,t1,u1
24,1659,29,a0,c3,d3,f0,g1,h3,i1,j0,k1,l2,n2,o0,p0,q1,r1,s1,t1,u0
60,7297,36,a0,c2,d8,f0,g4,h3,i2,j1,k3,l3,n2,o0,p0,q2,r1,s0,t1,u0
9,1919,35,a1,c4,d2,f0,g3,h3,i2,j0,k2,l2,n2,o0,p0,q2,r1,s1,t1,u1
10,2210,25,a3,c2,d2,f0,g2,h1,i2,j0,k1,l0,n2,o0,p0,q1,r1,s0,t1,u0
12,1228,24,a0,c2,d0,f0,g2,h3,i1,j0,k1,l0,n2,o1,p0,q1,r1,s0,t1,u0
24,2964,49,a0,c2,d1,f4,g4,h3,i2,j0,k3,l3,n0,o2,p0,q2,r0,s1,t1,u1
18,4165,36,a3,c0,d8,f0,g2,h1,i2,j0,k1,l2,n1,o1,p1,q2,r0,s0,t1,u0
36,2746,31,a0,c1,d2,f0,g4,h3,i2,j0,k3,l2,n0,o1,p0,q2,r1,s0,t1,u0
10,2241,48,a0,c4,d0,f0,g1,h0,i2,j0,k2,l0,n2,o0,p1,q1,r0,s0,t0,u1
18,1928,31,a1,c4,d2,f0,g1,h1,i2,j0,k1,l0,n2,o1,p1,q1,r1,s0,t1,u0
12,900,23,a0,c2,d0,f4,g2,h3,i3,j0,k1,l2,n2,o1,p0,q2,r1,s0,t1,u0
6,935,24,a3,c3,d3,f0,g2,h2,i1,j0,k1,l0,n2,o1,p0,q2,r1,s0,t1,u1
18,3966,33,a0,c4,d0,f0,g4,h0,i1,j0,k3,l0,n0,o0,p2,q2,r1,s1,t1,u0
48,7629,46,a3,c4,d8,f4,g4,h3,i0,j0,k1,l2,n0,o1,p1,q3,r0,s0,t1,u1
20,4272,24,a0,c4,d2,f0,g4,h0,i1,j0,k3,l1,n2,o1,p1,q2,r1,s0,t1,u1
10,1418,35,a3,c2,d0,f1,g2,h2,i2,j0,k1,l0,n2,o0,p0,q1,r1,s0,t0,u1
12,1240,38,a3,c4,d3,f4,g4,h3,i1,j0,k1,l0,n2,o1,p1,q2,r1,s1,t1,u1
12,640,49,a3,c2,d0,f0,g2,h3,i0,j0,k1,l0,n2,o1,p0,q1,r1,s0,t1,u1
48,5951,22,a1,c2,d3,f0,g2,h1,i1,j0,k1,l0,n2,o1,p0,q2,r1,s0,t1,u0
48,3578,47,a3,c4,d3,f4,g4,h3,i2,j0,k0,l0,n2,o1,p0,q2,r1,s1,t1,u1
30,1919,30,a1,c3,d3,f1,g1,h3,i2,j0,k2,l3,n1,o1,p1,q3,r1,s0,t1,u0
6,1543,33,a3,c2,d2,f3,g2,h3,i0,j0,k1,l0,n2,o1,p0,q2,r1,s0,t1,u1
21,2923,28,a2,c2,d0,f1,g2,h0,i1,j0,k0,l2,n0,o1,p0,q3,r1,s1,t1,u1
6,1554,24,a3,c4,d3,f0,g3,h0,i1,j0,k1,l2,n2,o0,p1,q2,r1,s1,t1,u1
48,3931,46,a0,c2,d0,f0,g3,h3,i2,j0,k3,l3,n2,o2,p0,q2,r0,s0,t1,u0
18,1301,32,a1,c2,d3,f0,g4,h3,i3,j2,k1,l0,n2,o1,p0,q1,r1,s0,t1,u1
6,1538,56,a3,c2,d6,f0,g1,h0,i1,j0,k1,l3,n2,o1,p0,q2,r1,s0,t1,u1
10,1038,49,a0,c4,d0,f0,g3,h3,i2,j1,k2,l1,n2,o1,p1,q2,r1,s1,t1,u1
18,4153,42,a0,c2,d2,f0,g2,h1,i2,j1,k2,l2,n2,o1,p0,q2,r1,s0,t1,u0
12,717,52,a3,c4,d3,f0,g4,h3,i2,j0,k3,l0,n2,o1,p2,q2,r1,s0,t1,u1
18,1049,21,a0,c4,d2,f0,g1,h3,i1,j0,k3,l1,n2,o0,p0,q2,r1,s0,t1,u1
15,2728,35,a1,c4,d3,f4,g3,h3,i2,j2,k1,l0,n0,o1,p2,q2,r1,s1,t1,u1
14,3973,22,a0,c2,d0,f0,g0,h0,i2,j0,k3,l3,n2,o2,p0,q2,r1,s0,t1,u1
12,3124,49,a1,c4,d0,f0,g1,h0,i2,j0,k2,l0,n0,o1,p1,q1,r0,s0,t1,u1
24,2835,53,a3,c2,d2,f2,g4,h2,i2,j0,k3,l1,n2,o1,p0,q2,r1,s0,t1,u1
9,3832,64,a3,c2,d6,f4,g4,h0,i2,j0,k3,l0,n2,o1,p0,q1,r1,s0,t1,u1
6,1047,50,a2,c4,d6,f0,g2,h1,i1,j0,k3,l1,n2,o1,p0,q1,r1,s0,t1,u1
36,2302,31,a0,c2,d3,f0,g2,h3,i0,j0,k3,l2,n2,o0,p0,q2,r1,s0,t1,u0
18,2473,25,a0,c2,d2,f0,g0,h3,i2,j0,k0,l2,n2,o1,p0,q0,r1,s0,t1,u0
12,3059,61,a3,c2,d3,f3,g3,h1,i0,j0,k3,l0,n2,o1,p0,q1,r1,s0,t1,u1
18,2039,20,a0,c2,d2,f0,g2,h0,i1,j0,k3,l0,n2,o0,p0,q2,r1,s0,t1,u0
12,836,23,a1,c2,d0,f1,g1,h3,i1,j0,k1,l1,n0,o1,p0,q1,r1,s0,t1,u0
12,951,27,a1,c2,d2,f1,g1,h3,i1,j0,k3,l2,n0,o0,p3,q2,r1,s0,t1,u0
10,1287,45,a3,c2,d0,f4,g4,h3,i2,j1,k1,l1,n2,o1,p0,q1,r1,s0,t0,u1
18,1936,23,a0,c2,d3,f4,g3,h1,i3,j0,k3,l2,n2,o0,p1,q1,r1,s0,t1,u1
9,1199,67,a1,c2,d6,f0,g3,h3,i1,j0,k3,l1,n2,o1,p1,q3,r1,s1,t1,u1
20,2212,39,a0,c2,d2,f4,g3,h3,i2,j0,k3,l2,n2,o1,p0,q2,r1,s1,t1,u1
18,1808,22,a3,c3,d2,f0,g3,h3,i1,j0,k0,l0,n2,o1,p0,q2,r1,s0,t1,u0
36,4473,31,a2,c2,d3,f0,g4,h3,i2,j0,k1,l2,n2,o1,p0,q2,r1,s0,t1,u1
24,1258,25,a3,c2,d8,f0,g3,h3,i2,j0,k0,l0,n2,o1,p0,q2,r1,s1,t1,u1
12,841,23,a1,c2,d8,f1,g3,h1,i1,j0,k3,l0,n2,o0,p0,q1,r1,s0,t1,u1
18,1453,26,a3,c2,d3,f0,g1,h2,i1,j0,k0,l0,n2,o1,p0,q2,r1,s0,t1,u1
6,1957,31,a0,c4,d3,f0,g3,h0,i1,j0,k3,l2,n2,o1,p0,q2,r1,s0,t1,u1
12,797,33,a3,c4,d3,f4,g4,h3,i1,j0,k2,l1,n2,o1,p0,q1,r0,s0,t1,u0
12,759,26,a0,c2,d0,f0,g3,h3,i2,j0,k1,l0,n2,o1,p0,q2,r1,s0,t1,u0
10,1231,32,a3,c4,d0,f0,g4,h2,i2,j0,k3,l0,n2,o1,p1,q1,r0,s0,t0,u1
10,1597,40,a3,c2,d0,f2,g2,h2,i2,j0,k1,l3,n2,o0,p0,q1,r0,s0,t0,u1
18,884,36,a1,c4,d0,f0,g4,h3,i2,j0,k3,l2,n2,o1,p0,q2,r0,s1,t1,u0
24,1199,60,a0,c4,d0,f0,g4,h3,i2,j0,k3,l2,n2,o1,p1,q1,r1,s0,t1,u0
12,2133,52,a3,c2,d0,f4,g4,h3,i1,j0,k3,l3,n2,o2,p0,q3,r1,s1,t1,u1
18,1113,26,a1,c2,d3,f0,g2,h3,i1,j2,k3,l0,n2,o1,p0,q1,r0,s0,t1,u1
36,2712,41,a0,c2,d2,f0,g4,h1,i2,j0,k1,l1,n0,o1,p0,q2,r0,s0,t1,u0
10,1521,31,a1,c2,d2,f0,g2,h3,i0,j0,k1,l2,n2,o1,p0,q1,r1,s0,t1,u1
18,1882,25,a0,c2,d3,f0,g2,h3,i1,j0,k3,l2,n0,o0,p1,q2,r1,s0,t1,u0
24,1376,28,a3,c2,d3,f2,g3,h3,i1,j0,k0,l2,n2,o1,p0,q2,r1,s0,t1,u1
16,2625,43,a0,c4,d0,f0,g4,h1,i2,j2,k3,l1,n2,o0,p0,q2,r1,s1,t0,u0
48,2751,38,a3,c4,d1,f4,g4,h3,i2,j0,k2,l2,n2,o1,p1,q2,r0,s1,t1,u1
6,1595,51,a3,c2,d3,f0,g3,h2,i2,j0,k1,l1,n2,o1,p0,q2,r0,s0,t1,u1
12,1503,41,a3,c3,d1,f0,g2,h3,i3,j0,k3,l0,n2,o0,p0,q2,r1,s0,t1,u1
48,7763,42,a0,c2,d0,f0,g4,h3,i2,j0,k3,l3,n0,o2,p0,q3,r1,s0,t1,u0
15,2687,26,a2,c2,d8,f0,g3,h1,i2,j0,k3,l1,n2,o0,p0,q2,r1,s1,t1,u1
15,2326,27,a1,c4,d8,f2,g2,h1,i2,j0,k3,l2,n0,o1,p0,q2,r1,s0,t1,u1
27,3915,36,a1,c2,d8,f0,g2,h3,i2,j0,k1,l2,n2,o1,p0,q2,r0,s1,t1,u0
18,7511,51,a0,c2,d1,f4,g4,h0,i2,j0,k3,l1,n2,o2,p0,q2,r0,s1,t1,u0
24,2284,28,a3,c2,d3,f0,g3,h3,i2,j0,k1,l2,n2,o1,p0,q2,r1,s1,t1,u1
27,2442,43,a0,c4,d8,f0,g4,h3,i2,j0,k3,l2,n1,o1,p3,q3,r0,s1,t1,u1
24,2892,51,a2,c2,d2,f0,g4,h2,i0,j0,k3,l3,n2,o2,p0,q2,r1,s0,t1,u1
15,960,30,a3,c3,d2,f3,g3,h2,i1,j0,k1,l1,n2,o1,p1,q2,r1,s0,t1,u1
24,1287,37,a3,c4,d0,f3,g4,h3,i1,j0,k3,l0,n2,o1,p1,q2,r1,s1,t1,u1
10,2901,31,a3,c2,d1,f4,g1,h0,i1,j0,k3,l0,n2,o0,p0,q2,r1,s0,t1,u1
24,1358,40,a0,c1,d9,f4,g4,h3,i2,j0,k2,l2,n1,o1,p0,q3,r1,s1,t1,u0
12,625,26,a1,c2,d3,f0,g1,h3,i3,j2,k0,l0,n0,o1,p0,q1,r1,s0,t1,u1
10,7308,70,a1,c2,d0,f0,g0,h1,i2,j0,k3,l3,n0,o2,p0,q3,r1,s1,t1,u1
24,1442,23,a0,c2,d0,f0,g3,h3,i1,j0,k3,l2,n2,o0,p1,q2,r1,s0,t1,u0
27,4526,32,a3,c4,d2,f3,g1,h3,i2,j0,k1,l0,n1,o1,p1,q1,r0,s1,t1,u1
30,2991,25,a1,c2,d3,f4,g4,h1,i1,j0,k3,l2,n2,o1,p0,q2,r1,s0,t1,u1
10,2146,23,a3,c4,d2,f0,g1,h0,i1,j0,k2,l0,n2,o0,p1,q2,r1,s0,t1,u1
16,1175,68,a1,c4,d0,f0,g0,h1,i2,j0,k2,l2,n2,o2,p2,q0,r1,s1,t1,u1
