laufkont,laufzeit,moral,verw,hoehe,sparkont,beszeit,rate,famges,buerge,wohnzeit,verm,alter,weitkred,wohn,bishkred,beruf,pers,telef,gastarb,kredit
a0,18,c4,d2,1049,f0,g1,h3,i1,j0,k3,l1,21,n2,o0,p0,q2,r1,s0,t1,u1
a0,9,c4,d0,2799,f0,g2,h1,i2,j0,k1,l0,36,n2,o0,p1,q2,r0,s0,t1,u1
a1,12,c2,d8,841,f1,g3,h1,i1,j0,k3,l0,23,n2,o0,p0,q1,r1,s0,t1,u1
a0,12,c4,d0,2122,f0,g2,h2,i2,j0,k1,l0,39,n2,o0,p1,q1,r0,s0,t0,u1
a0,12,c4,d0,2171,f0,g2,h3,i2,j0,k3,l1,38,n0,o1,p1,q1,r1,s0,t0,u1
a0,10,c4,d0,2241,f0,g1,h0,i2,j0,k2,l0,48,n2,o0,p1,q1,r0,s0,t0,u1
a0,8,c4,d0,3398,f0,g3,h0,i2,j0,k3,l0,39,n2,o1,p1,q1,r1,s0,t0,u1
a0,6,c4,d0,1361,f0,g1,h1,i2,j0,k3,l0,40,n2,o1,p0,q1,r0,s0,t0,u1
a3,18,c4,d3,1098,f0,g0,h3,i1,j0,k3,l2,65,n2,o1,p1,q0,r1,s0,t1,u1
a1,24,c2,d3,3758,f2,g0,h0,i1,j0,k3,l3,23,n2,o0,p0,q0,r1,s0,t1,u1
a0,11,c4,d0,3905,f0,g2,h1,i2,j0,k1,l0,36,n2,o0,p1,q2,r0,s0,t1,u1
a0,30,c4,d1,6187,f1,g3,h0,i3,j0,k3,l2,24,n2,o0,p1,q2,r1,s0,t1,u1
a0,6,c4,d3,1957,f0,g3,h0,i1,j0,k3,l2,31,n2,o1,p0,q2,r1,s0,t1,u1
a1,48,c3,d9,7582,f1,g0,h1,i2,j0,k3,l3,31,n2,o1,p0,q3,r1,s1,t1,u1
a0,18,c2,d3,1936,f4,g3,h1,i3,j0,k3,l2,23,n2,o0,p1,q1,r1,s0,t1,u1
a0,6,c2,d3,2647,f2,g2,h1,i2,j0,k2,l0,44,n2,o0,p0,q2,r0,s0,t1,u1
a0,11,c4,d0,3939,f0,g2,h0,i2,j0,k1,l0,40,n2,o1,p1,q1,r0,s0,t1,u1
a1,18,c2,d3,3213,f2,g1,h0,i3,j0,k2,l0,25,n2,o0,p0,q2,r1,s0,t1,u1
a1,36,c4,d3,2337,f0,g4,h3,i2,j0,k3,l0,36,n2,o1,p0,q2,r1,s0,t1,u1
a3,11,c4,d0,7228,f0,g2,h0,i2,j0,k3,l1,39,n2,o1,p1,q1,r1,s0,t1,u1
a0,6,c4,d0,3676,f0,g2,h0,i2,j0,k2,l0,37,n2,o0,p2,q2,r0,s0,t1,u1
a1,12,c4,d0,3124,f0,g1,h0,i2,j0,k2,l0,49,n0,o1,p1,q1,r0,s0,t1,u1
a1,36,c2,d5,2384,f0,g1,h3,i2,j0,k0,l3,33,n2,o0,p0,q1,r1,s0,t1,u0
a1,12,c4,d4,1424,f0,g3,h3,i2,j0,k2,l1,26,n2,o1,p0,q2,r1,s0,t1,u1
a0,6,c4,d0,4716,f4,g1,h0,i2,j0,k2,l0,44,n2,o1,p1,q1,r0,s0,t1,u1
a1,11,c3,d3,4771,f0,g3,h1,i2,j0,k3,l1,51,n2,o1,p0,q2,r1,s0,t1,u1
a0,12,c2,d2,652,f0,g4,h3,i1,j0,k3,l1,24,n2,o0,p0,q2,r1,s0,t1,u1
a1,9,c4,d3,1154,f0,g4,h1,i2,j0,k3,l0,37,n2,o1,p2,q1,r1,s0,t1,u1
a3,15,c2,d0,3556,f4,g2,h2,i2,j0,k1,l3,29,n2,o1,p0,q2,r1,s0,t1,u1
a2,42,c4,d1,4796,f0,g4,h3,i2,j0,k3,l3,56,n2,o2,p0,q2,r1,s0,t1,u1
a2,30,c4,d3,3017,f0,g4,h3,i2,j0,k3,l1,47,n2,o1,p0,q2,r1,s0,t1,u1
a3,36,c4,d0,3535,f0,g3,h3,i2,j0,k3,l2,37,n2,o1,p1,q2,r1,s1,t1,u1
a3,36,c4,d0,6614,f0,g4,h3,i2,j0,k3,l2,34,n2,o1,p1,q3,r1,s1,t1,u1
a3,24,c2,d3,1376,f2,g3,h3,i1,j0,k0,l2,28,n2,o1,p0,q2,r1,s0,t1,u1
a0,15,c2,d0,1721,f0,g1,h1,i2,j0,k2,l0,36,n2,o1,p0,q2,r1,s0,t1,u1
a0,6,c4,d0,860,f0,g4,h0,i1,j0,k3,l3,39,n2,o1,p1,q2,r1,s1,t1,u1
a3,12,c4,d0,1495,f0,g4,h3,i2,j0,k0,l0,38,n2,o1,p1,q1,r0,s0,t1,u1
a3,12,c4,d3,1934,f0,g4,h1,i2,j0,k1,l3,26,n2,o1,p1,q2,r1,s0,t1,u1
a3,18,c2,d1,3378,f4,g2,h1,i2,j0,k0,l1,31,n2,o1,p0,q2,r1,s1,t1,u1
a3,24,c4,d1,3868,f0,g4,h3,i1,j0,k1,l2,41,n2,o0,p1,q3,r1,s1,t1,u1
a3,12,c4,d5,996,f4,g3,h3,i1,j0,k3,l0,23,n2,o1,p1,q2,r1,s0,t1,u1
a0,24,c2,d9,1755,f0,g4,h3,i1,j2,k3,l0,58,n2,o1,p0,q1,r1,s1,t1,u1
a3,18,c4,d0,1028,f0,g2,h3,i1,j0,k2,l0,36,n2,o1,p1,q2,r1,s0,t1,u1
a1,24,c4,d8,2825,f4,g3,h3,i2,j0,k2,l3,34,n2,o1,p1,q2,r0,s1,t1,u1
a1,18,c2,d6,1239,f4,g2,h3,i2,j0,k3,l3,61,n2,o2,p0,q2,r1,s0,t1,u1
a0,18,c2,d0,1216,f0,g1,h3,i1,j0,k2,l2,23,n2,o0,p0,q2,r1,s1,t1,u0
a3,24,c2,d8,1258,f0,g3,h3,i2,j0,k0,l0,25,n2,o1,p0,q2,r1,s1,t1,u1
a3,18,c4,d6,1864,f1,g2,h3,i1,j0,k1,l0,30,n2,o1,p1,q2,r1,s0,t1,u0
a3,24,c2,d0,1474,f1,g1,h3,i3,j0,k2,l0,33,n2,o1,p0,q2,r1,s1,t1,u1
a0,24,c4,d8,1382,f1,g3,h3,i2,j0,k0,l0,26,n2,o1,p1,q2,r1,s1,t1,u1
a3,12,c2,d0,640,f0,g2,h3,i0,j0,k1,l0,49,n2,o1,p0,q1,r1,s0,t1,u1
a2,36,c2,d3,3919,f0,g2,h1,i2,j0,k1,l0,23,n2,o1,p0,q2,r1,s1,t1,u1
a3,9,c4,d0,1224,f0,g2,h2,i2,j0,k0,l0,30,n2,o1,p1,q2,r1,s0,t1,u1
a3,12,c4,d3,2331,f4,g4,h0,i2,j1,k3,l0,49,n2,o1,p0,q2,r1,s1,t1,u1
a3,24,c2,d1,6313,f4,g4,h2,i2,j0,k3,l2,41,n2,o1,p0,q3,r0,s1,t1,u1
a0,12,c4,d3,385,f0,g3,h3,i1,j0,k2,l0,58,n2,o1,p3,q1,r1,s1,t1,u1
a3,12,c4,d3,1655,f0,g4,h1,i2,j0,k3,l0,63,n2,o1,p1,q1,r1,s1,t1,u1
a0,15,c2,d3,1053,f0,g1,h3,i3,j0,k1,l0,27,n2,o1,p0,q2,r1,s0,t0,u1
a3,21,c2,d3,3160,f4,g4,h3,i2,j0,k2,l1,41,n2,o1,p0,q2,r1,s1,t1,u1
a3,36,c2,d0,3079,f4,g2,h3,i2,j0,k3,l0,36,n2,o1,p0,q2,r1,s0,t1,u1
a3,12,c4,d0,1163,f2,g2,h3,i2,j0,k3,l0,44,n2,o1,p0,q2,r1,s1,t1,u1
a3,24,c2,d1,2679,f0,g1,h3,i1,j0,k0,l3,29,n2,o1,p0,q3,r1,s1,t1,u1
a3,48,c4,d3,3578,f4,g4,h3,i2,j0,k0,l0,47,n2,o1,p0,q2,r1,s1,t1,u1
a3,36,c3,d0,10875,f0,g4,h1,i2,j0,k1,l2,45,n2,o1,p1,q2,r0,s1,t1,u1
a0,12,c3,d0,1344,f0,g2,h3,i2,j0,k1,l0,43,n2,o1,p1,q1,r0,s0,t1,u1
a3,6,c4,d3,1237,f1,g2,h0,i1,j0,k0,l1,27,n2,o1,p1,q2,r1,s0,t1,u1
a3,12,c2,d3,3077,f0,g2,h1,i2,j0,k3,l2,52,n2,o1,p0,q2,r1,s1,t1,u1
a3,24,c2,d3,2284,f0,g3,h3,i2,j0,k1,l2,28,n2,o1,p0,q2,r1,s1,t1,u1
a1,12,c2,d3,1567,f0,g2,h0,i1,j0,k0,l2,22,n2,o1,p0,q2,r1,s1,t1,u1
a3,24,c3,d0,2032,f0,g4,h3,i2,j0,k3,l3,60,n2,o2,p1,q2,r1,s1,t1,u1
a1,21,c4,d2,2745,f3,g3,h2,i2,j0,k1,l2,32,n2,o1,p1,q2,r1,s1,t1,u1
a3,30,c2,d3,1867,f4,g4,h3,i2,j0,k3,l2,58,n2,o1,p0,q2,r1,s1,t1,u1
a3,36,c2,d3,2299,f2,g4,h3,i2,j0,k3,l2,39,n2,o1,p0,q2,r1,s0,t1,u1
a3,24,c2,d2,929,f4,g3,h3,i2,j0,k1,l2,31,n1,o1,p0,q2,r1,s1,t1,u1
a2,12,c2,d3,3399,f4,g4,h1,i2,j0,k2,l2,37,n2,o1,p0,q3,r1,s0,t1,u1
a1,9,c2,d2,2030,f4,g3,h1,i2,j0,k0,l2,24,n2,o1,p0,q2,r1,s1,t1,u1
a3,21,c4,d1,3275,f0,g4,h0,i2,j0,k3,l2,36,n2,o1,p0,q3,r1,s1,t1,u1
a3,24,c4,d0,1940,f3,g4,h3,i2,j0,k3,l0,60,n2,o1,p0,q2,r1,s1,t1,u1
a0,21,c4,d0,1602,f0,g4,h3,i3,j0,k2,l2,30,n2,o1,p1,q2,r1,s1,t1,u1
a3,15,c2,d3,1979,f4,g4,h3,i2,j0,k1,l2,35,n2,o1,p0,q2,r1,s0,t1,u1
a3,24,c4,d0,2022,f0,g2,h3,i1,j0,k3,l2,37,n2,o1,p0,q2,r1,s1,t1,u1
a3,36,c4,d3,3342,f4,g4,h3,i2,j0,k1,l2,51,n2,o1,p0,q2,r1,s1,t1,u1
a1,18,c2,d0,5866,f1,g2,h1,i2,j0,k1,l2,30,n2,o1,p1,q2,r1,s1,t1,u1
a2,15,c4,d1,2360,f2,g2,h1,i2,j0,k1,l2,36,n2,o1,p0,q2,r1,s1,t1,u1
a3,15,c4,d2,1520,f4,g4,h3,i2,j0,k3,l1,63,n2,o1,p0,q2,r1,s0,t1,u1
a0,12,c2,d0,3651,f3,g2,h0,i2,j0,k2,l1,31,n2,o1,p0,q2,r0,s0,t1,u1
a3,24,c4,d1,2346,f0,g3,h3,i2,j0,k2,l2,35,n2,o1,p1,q2,r1,s1,t1,u1
a3,36,c3,d3,4454,f0,g2,h3,i1,j0,k3,l0,34,n2,o1,p1,q2,r1,s0,t1,u1
a0,6,c4,d0,666,f3,g3,h2,i1,j0,k3,l0,39,n2,o1,p1,q1,r1,s1,t1,u1
a1,24,c3,d0,1965,f4,g2,h3,i1,j0,k3,l2,42,n2,o0,p1,q2,r1,s1,t1,u1
a1,12,c4,d0,1995,f1,g1,h3,i2,j0,k0,l2,27,n2,o1,p0,q2,r1,s0,t1,u1
a1,30,c2,d3,2991,f4,g4,h1,i1,j0,k3,l2,25,n2,o1,p0,q2,r1,s0,t1,u1
a1,30,c0,d8,4221,f0,g2,h1,i1,j0,k0,l2,28,n2,o1,p1,q2,r1,s0,t1,u1
a0,9,c2,d3,1364,f0,g3,h2,i2,j0,k3,l0,59,n2,o1,p0,q2,r1,s0,t1,u1
a1,18,c4,d2,6361,f0,g4,h1,i2,j0,k0,l3,41,n2,o1,p0,q2,r1,s1,t1,u1
a3,27,c4,d2,4526,f3,g1,h3,i2,j0,k1,l0,32,n1,o1,p1,q1,r0,s1,t1,u1
a1,12,c4,d3,3573,f0,g2,h0,i1,j0,k0,l0,23,n2,o1,p0,q1,r1,s0,t1,u1
a1,36,c3,d8,4455,f0,g2,h1,i0,j0,k1,l0,30,n1,o1,p1,q3,r1,s1,t1,u0
a0,9,c2,d2,2136,f0,g2,h2,i2,j0,k1,l0,25,n2,o1,p0,q2,r1,s0,t1,u1
a1,42,c4,d8,5954,f0,g3,h1,i1,j0,k0,l0,41,n0,o1,p1,q1,r1,s0,t1,u1
a3,24,c4,d2,3777,f3,g2,h3,i2,j0,k3,l0,40,n2,o1,p0,q2,r1,s1,t1,u1
a0,15,c2,d8,806,f0,g2,h3,i1,j0,k3,l1,22,n2,o1,p0,q1,r1,s0,t1,u1
a1,24,c3,d8,4712,f4,g2,h3,i2,j0,k1,l1,34,n0,o1,p1,q3,r1,s1,t1,u1
a1,36,c3,d0,7432,f0,g2,h1,i1,j0,k1,l1,54,n2,o0,p0,q2,r1,s0,t1,u1
a3,24,c4,d3,1851,f0,g3,h3,i3,j2,k1,l2,33,n2,o1,p1,q2,r1,s1,t1,u1
a3,24,c2,d0,1393,f0,g2,h1,i2,j2,k1,l0,31,n2,o1,p0,q2,r1,s1,t1,u1
a3,12,c4,d8,1412,f0,g2,h3,i1,j2,k1,l0,29,n2,o1,p1,q3,r1,s1,t1,u1
a3,18,c2,d3,1473,f0,g1,h2,i3,j0,k3,l0,39,n2,o1,p0,q2,r1,s1,t1,u1
a3,24,c2,d3,1533,f0,g1,h3,i1,j0,k2,l2,38,n1,o1,p0,q2,r1,s1,t1,u1
a3,12,c4,d6,2012,f4,g3,h3,i1,j0,k1,l2,61,n2,o1,p0,q2,r1,s0,t1,u1
a0,15,c2,d0,3959,f0,g2,h2,i1,j0,k1,l1,29,n2,o1,p0,q2,r1,s1,t1,u0
a0,6,c2,d2,428,f0,g4,h1,i1,j0,k0,l1,49,n0,o1,p0,q2,r1,s1,t1,u1
a1,12,c4,d0,2366,f2,g3,h2,i0,j0,k2,l2,36,n2,o1,p0,q3,r1,s1,t1,u1
a3,12,c2,d2,763,f0,g2,h3,i1,j0,k0,l0,26,n2,o1,p0,q2,r1,s1,t1,u1
a1,21,c2,d2,3976,f4,g3,h1,i2,j0,k2,l2,35,n2,o1,p0,q2,r1,s1,t1,u1
a1,18,c2,d0,6260,f0,g3,h2,i2,j0,k2,l0,28,n2,o0,p0,q1,r1,s0,t1,u1
a1,9,c4,d2,1919,f0,g3,h3,i2,j0,k2,l2,35,n2,o0,p0,q2,r1,s1,t1,u1
a3,24,c2,d1,2603,f3,g2,h1,i1,j0,k3,l2,28,n2,o0,p0,q2,r1,s1,t1,u1
a3,9,c4,d6,936,f2,g4,h3,i2,j0,k1,l2,52,n2,o1,p1,q2,r1,s1,t1,u1
a3,24,c2,d2,3062,f2,g4,h3,i2,j0,k2,l3,32,n2,o0,p0,q2,r1,s1,t1,u1
a1,36,c2,d3,4795,f0,g1,h3,i1,j0,k0,l3,30,n2,o1,p0,q3,r1,s1,t1,u1
a3,36,c4,d1,5842,f0,g4,h1,i2,j0,k1,l1,35,n2,o1,p1,q2,r0,s1,t1,u1
a1,6,c2,d3,2063,f0,g1,h3,i3,j0,k2,l2,30,n2,o0,p0,q3,r1,s1,t1,u1
a3,15,c4,d3,1459,f0,g2,h3,i1,j0,k1,l2,43,n2,o1,p0,q1,r1,s0,t1,u1
a3,15,c2,d3,1213,f2,g4,h3,i2,j0,k2,l1,47,n1,o1,p0,q2,r1,s1,t1,u1
a3,24,c4,d3,5103,f0,g1,h2,i3,j0,k2,l3,47,n2,o2,p2,q2,r1,s1,t1,u1
a3,15,c2,d4,874,f4,g1,h3,i1,j0,k0,l0,24,n2,o1,p0,q2,r1,s0,t1,u1
a3,6,c2,d2,2978,f2,g2,h0,i2,j0,k1,l2,32,n2,o1,p0,q2,r1,s1,t1,u1
a3,18,c2,d0,1820,f0,g2,h1,i3,j0,k1,l1,30,n2,o1,p0,q3,r1,s1,t1,u1
a3,24,c4,d3,2872,f1,g4,h2,i2,j0,k3,l0,36,n2,o1,p0,q2,r0,s1,t1,u1
a2,24,c2,d2,1925,f0,g2,h1,i2,j0,k1,l0,26,n2,o1,p0,q2,r1,s0,t1,u1
a3,18,c2,d2,2515,f0,g2,h2,i2,j0,k3,l0,43,n2,o1,p0,q2,r1,s1,t1,u1
a2,6,c2,d2,2116,f0,g2,h1,i2,j0,k1,l0,41,n2,o1,p0,q2,r1,s1,t1,u1
a3,18,c2,d3,1453,f0,g1,h2,i1,j0,k0,l0,26,n2,o1,p0,q2,r1,s0,t1,u1
a3,10,c2,d0,1364,f0,g2,h1,i1,j0,k3,l2,64,n2,o1,p0,q2,r1,s1,t1,u1
a3,6,c2,d2,1543,f3,g2,h3,i0,j0,k1,l0,33,n2,o1,p0,q2,r1,s0,t1,u1
a1,12,c2,d0,1318,f3,g4,h3,i2,j0,k3,l0,54,n2,o1,p0,q2,r1,s1,t1,u1
a0,24,c1,d0,2325,f1,g3,h1,i2,j0,k2,l2,32,n0,o1,p0,q2,r1,s0,t1,u1
a1,6,c4,d7,932,f4,g3,h0,i1,j0,k2,l1,39,n2,o1,p1,q1,r1,s0,t1,u1
a2,24,c4,d3,3148,f4,g2,h2,i2,j0,k1,l2,31,n2,o1,p1,q2,r1,s1,t1,u1
a3,36,c2,d3,3835,f4,g4,h1,i1,j0,k3,l0,45,n2,o1,p0,q1,r1,s1,t1,u1
a3,9,c2,d6,3832,f4,g4,h0,i2,j0,k3,l0,64,n2,o1,p0,q1,r1,s0,t1,u1
a1,24,c2,d3,5084,f4,g4,h1,i1,j0,k3,l2,42,n2,o1,p0,q2,r1,s1,t1,u1
a3,9,c4,d2,2406,f0,g0,h1,i2,j0,k2,l2,31,n2,o1,p0,q3,r1,s0,t1,u1
a3,36,c2,d3,2394,f4,g2,h3,i1,j0,k3,l2,25,n2,o1,p0,q2,r1,s0,t1,u1
a3,21,c2,d1,2476,f4,g4,h3,i2,j0,k3,l0,46,n2,o1,p0,q3,r1,s1,t1,u1
a0,24,c2,d1,2964,f4,g4,h3,i2,j0,k3,l3,49,n0,o2,p0,q2,r0,s1,t1,u1
a0,12,c2,d2,1262,f4,g4,h1,i0,j0,k3,l1,49,n2,o1,p0,q1,r1,s1,t1,u1
a3,12,c2,d8,1542,f0,g3,h1,i2,j0,k3,l2,36,n2,o1,p0,q2,r1,s1,t1,u1
a1,24,c4,d3,1743,f0,g4,h3,i2,j0,k1,l1,48,n2,o1,p1,q1,r1,s0,t1,u1
a2,12,c1,d3,409,f3,g2,h2,i1,j0,k2,l0,42,n2,o0,p1,q2,r1,s0,t1,u1
a3,12,c2,d3,2171,f0,g1,h1,i1,j0,k1,l2,29,n0,o1,p0,q2,r1,s0,t1,u1
a3,48,c4,d1,8858,f4,g3,h1,i2,j0,k0,l3,35,n2,o2,p1,q2,r1,s1,t1,u1
a1,24,c2,d0,3512,f1,g3,h1,i2,j0,k2,l2,38,n0,o1,p1,q2,r1,s1,t1,u1
a1,12,c2,d3,1158,f2,g2,h2,i0,j0,k0,l2,26,n2,o1,p0,q2,r1,s1,t1,u1
a3,24,c4,d3,2684,f0,g2,h3,i2,j0,k1,l0,35,n2,o1,p1,q1,r1,s0,t1,u1
a0,12,c2,d3,1498,f0,g2,h3,i1,j0,k0,l2,23,n0,o1,p0,q2,r1,s0,t1,u1
a3,30,c4,d3,5954,f0,g3,h2,i2,j1,k1,l2,38,n2,o1,p0,q2,r1,s0,t1,u1
a1,48,c1,d8,6416,f0,g4,h3,i1,j0,k2,l3,59,n2,o0,p0,q2,r1,s0,t1,u0
a1,12,c4,d2,3617,f0,g4,h0,i2,j0,k3,l2,28,n2,o0,p2,q2,r1,s1,t1,u1
a3,12,c4,d3,1291,f0,g2,h3,i1,j0,k1,l1,35,n2,o1,p1,q2,r1,s0,t1,u1
a2,24,c4,d8,1275,f3,g2,h1,i0,j0,k3,l0,36,n2,o1,p1,q2,r1,s1,t1,u1
a3,24,c2,d2,3972,f0,g3,h1,i1,j0,k3,l1,25,n2,o0,p0,q2,r1,s1,t1,u1
a3,15,c4,d2,3343,f0,g2,h3,i2,j0,k1,l3,28,n2,o2,p0,q2,r1,s1,t1,u1
a2,15,c2,d6,392,f0,g1,h3,i1,j0,k3,l1,23,n2,o0,p0,q2,r1,s1,t1,u1
a3,9,c4,d0,2134,f0,g2,h3,i2,j0,k3,l2,48,n2,o1,p2,q2,r1,s1,t1,u1
a3,30,c4,d3,5771,f0,g3,h3,i1,j0,k1,l2,25,n2,o1,p1,q2,r1,s0,t1,u1
a3,24,c4,d8,4526,f0,g2,h2,i2,j0,k1,l0,74,n2,o1,p0,q3,r1,s1,t1,u1
a3,15,c4,d2,2788,f0,g3,h1,i1,j1,k2,l2,24,n0,o1,p1,q2,r1,s0,t1,u1
a3,6,c4,d3,1382,f0,g2,h0,i1,j0,k0,l2,28,n2,o1,p1,q2,r1,s1,t1,u1
a2,36,c2,d3,5848,f0,g2,h3,i2,j0,k0,l2,24,n2,o1,p0,q2,r1,s0,t1,u1
a0,12,c2,d0,1228,f0,g2,h3,i1,j0,k1,l0,24,n2,o1,p0,q1,r1,s0,t1,u0
a2,12,c2,d3,1297,f0,g2,h2,i3,j0,k3,l0,23,n2,o0,p0,q2,r1,s0,t1,u1
a3,24,c2,d3,1552,f0,g3,h2,i2,j0,k0,l2,32,n0,o1,p0,q2,r0,s0,t1,u1
a3,12,c2,d3,1963,f0,g3,h3,i2,j0,k1,l2,31,n2,o0,p1,q3,r0,s1,t1,u1
a3,24,c2,d3,3235,f2,g4,h2,i0,j0,k1,l2,36,n2,o1,p0,q3,r1,s1,t1,u1
a3,24,c4,d8,4139,f1,g2,h2,i2,j0,k2,l1,27,n2,o1,p1,q1,r1,s1,t1,u1
a1,12,c4,d1,1804,f1,g1,h2,i2,j0,k3,l1,44,n2,o1,p0,q2,r1,s0,t1,u1
a3,18,c2,d8,1950,f0,g3,h3,i2,j0,k0,l2,34,n1,o1,p1,q2,r1,s1,t1,u1
a3,48,c3,d3,12749,f2,g3,h3,i2,j0,k0,l2,37,n2,o1,p0,q3,r1,s1,t1,u1
a3,9,c2,d4,1236,f0,g1,h0,i1,j0,k3,l0,23,n2,o0,p0,q2,r1,s1,t1,u1
a3,18,c4,d0,1055,f0,g1,h3,i1,j0,k0,l1,30,n2,o1,p1,q2,r1,s0,t1,u1
a0,30,c0,d8,8072,f4,g1,h1,i2,j0,k2,l2,25,n0,o1,p2,q2,r1,s0,t1,u1
a3,30,c4,d3,2831,f0,g2,h3,i1,j0,k1,l2,33,n2,o1,p0,q2,r1,s1,t1,u1
a3,9,c2,d8,1449,f0,g3,h2,i1,j0,k1,l2,27,n2,o1,p1,q2,r1,s0,t1,u1
a3,36,c2,d8,5742,f1,g3,h1,i2,j0,k1,l2,31,n2,o1,p1,q2,r1,s1,t1,u1
a3,12,c2,d0,2390,f4,g4,h3,i2,j0,k2,l2,50,n2,o1,p0,q2,r1,s1,t1,u1
a3,24,c2,d3,3430,f2,g4,h2,i2,j0,k1,l2,31,n2,o1,p0,q2,r0,s1,t1,u1
a1,36,c2,d6,2273,f0,g3,h2,i2,j0,k0,l2,32,n2,o1,p1,q2,r0,s0,t1,u1
a2,21,c2,d0,2923,f1,g2,h0,i1,j0,k0,l2,28,n0,o1,p0,q3,r1,s1,t1,u1
a3,24,c2,d3,1901,f1,g2,h3,i2,j0,k3,l2,29,n2,o0,p0,q3,r1,s1,t1,u1
a1,36,c2,d6,3711,f4,g2,h1,i3,j0,k1,l2,27,n2,o1,p0,q2,r1,s0,t1,u1
a1,48,c2,d0,8487,f4,g3,h0,i1,j0,k1,l2,24,n2,o1,p0,q2,r1,s0,t1,u1
a3,24,c2,d0,2255,f4,g1,h3,i2,j0,k0,l1,54,n2,o1,p0,q2,r1,s0,t1,u1
a3,12,c2,d3,1262,f0,g2,h2,i2,j0,k1,l2,25,n2,o1,p0,q2,r1,s0,t1,u1
a3,33,c4,d1,7253,f0,g3,h2,i2,j0,k1,l2,35,n2,o1,p1,q3,r1,s1,t1,u1
a3,6,c4,d0,6761,f0,g3,h0,i2,j0,k2,l3,45,n2,o1,p1,q3,r0,s1,t1,u1
a3,18,c4,d2,1817,f0,g2,h3,i1,j0,k1,l3,28,n2,o1,p1,q2,r1,s0,t1,u1
a3,12,c2,d3,2141,f1,g3,h2,i2,j0,k0,l3,35,n2,o1,p0,q2,r1,s0,t1,u1
a3,48,c1,d8,3609,f0,g2,h0,i1,j0,k0,l0,27,n1,o1,p0,q2,r1,s0,t1,u1
a3,30,c2,d3,2333,f2,g4,h3,i2,j0,k1,l2,30,n0,o1,p0,q3,r1,s0,t1,u1
a3,28,c1,d1,7824,f4,g1,h2,i2,j2,k3,l0,40,n0,o0,p1,q2,r0,s1,t1,u1
a2,18,c1,d3,1445,f4,g3,h3,i2,j0,k3,l2,49,n0,o1,p0,q1,r1,s0,t1,u1
a0,24,c2,d2,7721,f4,g1,h0,i1,j0,k1,l1,30,n2,o1,p0,q2,r1,s1,t0,u1
a0,21,c2,d0,3763,f4,g3,h1,i2,j1,k1,l0,24,n2,o1,p0,q1,r1,s0,t0,u1
a1,18,c2,d8,4439,f0,g4,h0,i2,j1,k0,l0,33,n0,o1,p0,q3,r1,s1,t1,u1
a0,12,c2,d3,1107,f0,g2,h1,i2,j0,k1,l0,20,n2,o0,p0,q3,r0,s1,t1,u1
a1,15,c2,d3,1444,f4,g1,h3,i2,j0,k0,l1,23,n2,o1,p0,q2,r1,s0,t1,u1
a1,48,c1,d0,12169,f4,g0,h3,i2,j1,k3,l3,36,n2,o2,p0,q3,r1,s1,t1,u1
a3,9,c2,d3,2753,f1,g4,h2,i2,j1,k3,l2,35,n2,o1,p0,q2,r1,s1,t1,u1
a2,4,c2,d0,1494,f4,g1,h0,i2,j0,k1,l0,29,n2,o1,p0,q1,r0,s0,t0,u1
a0,24,c1,d2,2828,f2,g2,h3,i2,j0,k3,l0,22,n1,o1,p0,q2,r1,s1,t1,u1
a0,24,c1,d2,2483,f2,g2,h3,i2,j0,k3,l0,22,n1,o1,p0,q2,r1,s1,t1,u1
a2,6,c4,d0,1299,f0,g2,h0,i2,j0,k0,l0,74,n2,o1,p2,q0,r0,s0,t0,u1
a1,9,c2,d0,1549,f4,g1,h3,i2,j0,k1,l0,35,n2,o1,p0,q0,r1,s0,t1,u1
a2,10,c2,d0,3949,f0,g1,h0,i2,j2,k0,l1,37,n2,o1,p0,q1,r0,s0,t1,u1
a3,10,c2,d1,2901,f4,g1,h0,i1,j0,k3,l0,31,n2,o0,p0,q2,r1,s0,t1,u1
a2,6,c2,d0,709,f3,g1,h1,i3,j0,k1,l0,27,n2,o1,p0,q0,r1,s0,t0,u1
a0,47,c2,d0,10722,f0,g1,h0,i1,j0,k0,l0,35,n2,o1,p0,q1,r1,s1,t1,u1
a3,10,c2,d0,1287,f4,g4,h3,i2,j1,k1,l1,45,n2,o1,p0,q1,r1,s0,t0,u1
a0,18,c1,d3,1940,f0,g1,h2,i2,j1,k3,l3,36,n0,o2,p0,q3,r1,s1,t1,u1
a2,30,c4,d3,3656,f4,g4,h3,i2,j0,k3,l1,49,n1,o1,p1,q1,r1,s0,t1,u1
a3,24,c3,d1,4679,f0,g3,h2,i2,j0,k2,l2,35,n2,o1,p1,q1,r1,s1,t1,u1
a3,27,c3,d1,8613,f3,g2,h1,i2,j0,k1,l2,27,n2,o1,p1,q2,r1,s0,t1,u1
a0,18,c2,d2,2659,f3,g2,h3,i2,j0,k1,l2,28,n2,o1,p0,q2,r1,s0,t1,u1
a3,24,c4,d3,1516,f3,g2,h3,i1,j0,k0,l0,43,n2,o1,p1,q1,r1,s0,t1,u1
a0,18,c2,d0,4380,f1,g2,h2,i2,j0,k3,l2,35,n2,o1,p0,q1,r0,s1,t1,u1
a3,14,c3,d0,802,f0,g2,h3,i2,j0,k1,l2,27,n2,o1,p1,q1,r1,s0,t1,u1
a3,21,c2,d8,1572,f3,g4,h3,i1,j0,k3,l0,36,n0,o1,p0,q1,r1,s0,t1,u1
a1,48,c1,d8,3566,f1,g3,h3,i2,j0,k1,l2,30,n2,o1,p0,q2,r1,s0,t1,u1
a3,24,c2,d3,1278,f0,g4,h3,i2,j0,k0,l0,36,n2,o1,p0,q3,r1,s1,t1,u1
a3,6,c0,d3,426,f0,g4,h3,i3,j0,k3,l2,39,n2,o1,p0,q1,r1,s0,t1,u1
a3,39,c2,d1,8588,f1,g4,h3,i2,j0,k1,l2,45,n2,o1,p0,q3,r1,s1,t1,u1
a0,30,c2,d1,3857,f0,g2,h3,i0,j0,k3,l1,40,n2,o1,p0,q3,r1,s1,t1,u1
a1,12,c2,d0,685,f0,g3,h1,i3,j0,k2,l2,25,n0,o1,p0,q1,r1,s0,t1,u0
a0,24,c2,d3,1603,f0,g4,h3,i1,j0,k3,l2,55,n2,o1,p0,q2,r1,s0,t1,u1
a3,21,c2,d2,2241,f0,g4,h3,i2,j0,k1,l0,50,n2,o1,p1,q2,r1,s0,t1,u1
a0,24,c2,d3,2384,f0,g4,h3,i2,j0,k3,l0,64,n0,o0,p0,q1,r1,s0,t1,u1
a3,4,c2,d2,601,f0,g1,h0,i1,j0,k2,l0,23,n2,o0,p0,q1,r0,s0,t1,u1
a3,39,c2,d1,2569,f2,g2,h3,i2,j0,k3,l2,24,n2,o1,p0,q2,r1,s0,t1,u1
a3,15,c4,d3,1316,f2,g2,h1,i3,j0,k1,l1,47,n2,o1,p1,q1,r1,s0,t1,u1
a3,60,c2,d0,10366,f0,g4,h1,i2,j0,k3,l1,42,n2,o1,p0,q3,r1,s1,t1,u1
a3,18,c2,d8,1568,f1,g2,h2,i1,j0,k3,l1,24,n2,o0,p0,q1,r1,s0,t1,u1
a3,18,c4,d3,629,f2,g4,h3,i2,j0,k2,l1,32,n0,o1,p1,q3,r1,s1,t1,u1
a3,6,c1,d3,1750,f2,g4,h1,i2,j0,k3,l1,45,n0,o1,p0,q1,r0,s0,t1,u1
a3,24,c2,d1,3488,f1,g3,h2,i1,j0,k3,l2,23,n2,o1,p0,q2,r1,s0,t1,u1
a3,18,c4,d3,1800,f0,g2,h3,i2,j0,k1,l2,24,n2,o1,p1,q2,r1,s0,t1,u1
a3,24,c3,d2,4151,f1,g2,h1,i2,j0,k2,l1,35,n2,o1,p1,q2,r1,s0,t1,u1
a1,15,c2,d5,2631,f1,g2,h2,i1,j0,k1,l0,25,n2,o1,p0,q1,r1,s0,t1,u1
a3,21,c2,d1,5248,f4,g2,h0,i2,j0,k2,l2,26,n2,o1,p0,q2,r1,s0,t1,u1
a1,18,c3,d0,2899,f4,g4,h3,i2,j0,k3,l2,43,n2,o1,p0,q2,r0,s0,t1,u1
a1,18,c3,d5,6204,f0,g2,h1,i2,j0,k3,l0,44,n2,o1,p0,q1,r0,s1,t1,u1
a3,12,c2,d3,804,f0,g4,h3,i2,j0,k3,l2,38,n2,o1,p0,q2,r1,s0,t1,u1
a3,36,c2,d3,3595,f0,g4,h3,i2,j0,k1,l2,28,n2,o1,p0,q2,r1,s0,t1,u1
a3,36,c4,d1,5711,f3,g4,h3,i2,j0,k1,l2,38,n2,o1,p1,q3,r1,s1,t1,u1
a2,15,c2,d8,2687,f0,g3,h1,i2,j0,k3,l1,26,n2,o0,p0,q2,r1,s1,t1,u1
a0,15,c3,d2,3643,f0,g4,h0,i1,j0,k3,l1,27,n2,o1,p1,q1,r1,s0,t1,u1
a3,10,c4,d2,2146,f0,g1,h0,i1,j0,k2,l0,23,n2,o0,p1,q2,r1,s0,t1,u1
a0,10,c2,d3,2315,f0,g4,h2,i2,j0,k3,l0,52,n2,o1,p0,q1,r1,s0,t1,u1
a3,5,c2,d8,3448,f0,g3,h0,i2,j0,k3,l0,74,n2,o1,p0,q1,r1,s0,t1,u1
a3,15,c2,d2,2708,f0,g1,h1,i2,j0,k2,l1,27,n0,o1,p1,q1,r1,s0,t1,u1
a3,11,c4,d0,1393,f0,g1,h3,i1,j0,k3,l2,35,n2,o1,p1,q3,r1,s0,t1,u1
a2,10,c2,d2,1275,f0,g1,h3,i1,j0,k1,l1,23,n2,o1,p0,q2,r1,s0,t1,u1
a3,9,c2,d2,1313,f0,g4,h0,i2,j0,k3,l2,20,n2,o1,p0,q2,r1,s0,t1,u1
a3,12,c2,d3,1493,f0,g1,h3,i1,j0,k2,l2,34,n2,o1,p0,q2,r0,s0,t1,u1
a3,22,c2,d3,2675,f2,g4,h2,i2,j0,k3,l2,40,n2,o1,p0,q2,r1,s0,t1,u1
a1,9,c2,d3,2118,f0,g2,h1,i2,j0,k1,l0,37,n2,o1,p0,q1,r0,s0,t1,u1
a3,36,c2,d0,909,f2,g4,h3,i2,j0,k3,l1,36,n2,o1,p0,q2,r1,s0,t1,u1
a3,12,c4,d2,1258,f0,g1,h1,i1,j0,k3,l1,22,n2,o0,p1,q1,r1,s0,t1,u1
a3,15,c1,d3,1569,f1,g4,h3,i2,j0,k3,l2,34,n0,o1,p0,q1,r0,s0,t1,u1
a3,6,c2,d1,1236,f2,g2,h1,i2,j0,k3,l1,50,n2,o0,p0,q2,r1,s0,t1,u1
a3,36,c3,d2,7678,f2,g3,h1,i1,j0,k3,l2,40,n2,o1,p1,q2,r1,s1,t1,u1
a3,6,c2,d5,660,f2,g3,h1,i3,j0,k3,l0,23,n2,o0,p0,q1,r1,s0,t1,u1
a3,24,c2,d2,2835,f2,g4,h2,i2,j0,k3,l1,53,n2,o1,p0,q2,r1,s0,t1,u1
a3,24,c2,d1,2670,f0,g4,h3,i2,j0,k3,l2,35,n2,o1,p0,q3,r1,s1,t1,u1
a3,12,c1,d7,3447,f2,g2,h3,i1,j0,k2,l0,35,n2,o1,p0,q1,r0,s0,t1,u1
a3,15,c2,d3,3568,f0,g4,h3,i1,j0,k1,l2,54,n0,o0,p0,q3,r1,s1,t1,u1
a1,21,c4,d8,3652,f0,g3,h1,i2,j0,k2,l1,27,n2,o1,p1,q2,r1,s0,t1,u1
a0,24,c2,d3,3660,f0,g2,h1,i1,j0,k3,l2,28,n2,o1,p0,q2,r1,s0,t1,u1
a2,9,c2,d3,1126,f1,g4,h1,i0,j0,k3,l0,49,n2,o1,p0,q2,r1,s0,t1,u1
a2,6,c3,d3,683,f0,g1,h1,i1,j0,k0,l1,29,n0,o1,p0,q2,r1,s0,t1,u1
a2,12,c2,d2,2251,f0,g2,h0,i1,j0,k1,l2,46,n2,o1,p0,q1,r1,s0,t1,u1
a3,12,c2,d1,4675,f4,g1,h0,i1,j0,k3,l2,20,n2,o0,p0,q2,r1,s0,t1,u1
a1,21,c3,d0,2353,f0,g2,h0,i0,j0,k3,l1,47,n2,o1,p1,q2,r1,s0,t1,u1
a0,21,c2,d3,3357,f3,g1,h3,i1,j0,k1,l2,29,n0,o1,p0,q2,r1,s0,t1,u1
a3,6,c2,d0,672,f0,g0,h0,i1,j0,k3,l0,54,n2,o1,p0,q0,r1,s1,t1,u1
a0,6,c4,d3,338,f2,g4,h3,i2,j0,k3,l2,52,n2,o1,p1,q2,r1,s0,t1,u1
a3,9,c2,d3,2697,f0,g2,h0,i2,j0,k1,l0,32,n2,o1,p0,q2,r0,s0,t1,u1
a3,9,c2,d0,2507,f2,g4,h1,i2,j0,k3,l3,51,n2,o2,p0,q1,r1,s0,t1,u1
a3,15,c3,d3,1478,f0,g2,h3,i3,j0,k2,l0,33,n0,o1,p1,q2,r1,s0,t1,u1
a3,12,c4,d6,3565,f4,g1,h1,i2,j0,k0,l1,37,n2,o1,p1,q1,r0,s0,t1,u1
a3,15,c2,d2,2221,f2,g2,h1,i1,j0,k3,l2,20,n2,o0,p0,q2,r1,s0,t1,u1
a3,6,c4,d3,1898,f4,g2,h0,i2,j0,k1,l0,34,n2,o1,p1,q1,r0,s0,t1,u1
a1,6,c3,d8,1449,f1,g4,h0,i0,j0,k1,l2,31,n0,o1,p1,q2,r0,s0,t1,u1
a3,15,c3,d2,960,f3,g3,h2,i1,j0,k1,l1,30,n2,o1,p1,q2,r1,s0,t1,u1
a3,36,c2,d1,8133,f0,g2,h0,i1,j0,k1,l1,30,n0,o1,p0,q2,r1,s0,t1,u1
a3,9,c2,d2,2301,f1,g1,h1,i1,j0,k3,l1,22,n2,o0,p0,q2,r1,s0,t1,u1
a3,6,c3,d8,1743,f1,g2,h0,i2,j0,k1,l0,34,n2,o1,p1,q1,r1,s0,t1,u1
a1,12,c2,d2,983,f3,g1,h0,i1,j0,k3,l0,19,n2,o0,p0,q1,r1,s0,t1,u1
a3,18,c3,d3,2320,f0,g0,h1,i3,j0,k2,l0,34,n2,o1,p1,q2,r1,s0,t1,u1
a0,12,c1,d7,339,f0,g4,h3,i3,j0,k0,l2,45,n0,o1,p0,q1,r1,s0,t1,u1
a2,24,c2,d3,5152,f0,g3,h3,i2,j0,k1,l2,25,n0,o1,p0,q2,r1,s0,t1,u1
a2,24,c2,d2,3749,f0,g1,h1,i1,j0,k3,l2,26,n2,o1,p0,q2,r1,s0,t1,u1
a3,9,c4,d3,3074,f4,g2,h0,i2,j0,k1,l0,33,n2,o1,p1,q2,r0,s0,t1,u1
a2,9,c2,d3,745,f0,g2,h2,i1,j0,k1,l0,28,n2,o1,p0,q1,r1,s0,t1,u0
a3,24,c2,d0,1469,f1,g4,h3,i3,j0,k3,l0,41,n2,o0,p0,q1,r1,s0,t1,u1
a0,6,c2,d2,1374,f0,g2,h0,i2,j0,k1,l0,36,n0,o1,p0,q1,r1,s1,t1,u1
a3,6,c1,d0,783,f4,g2,h0,i2,j2,k1,l0,26,n1,o1,p0,q1,r0,s0,t1,u1
a0,21,c2,d3,2606,f0,g1,h3,i1,j0,k3,l1,28,n2,o0,p0,q3,r1,s1,t1,u1
a3,54,c0,d1,9436,f4,g2,h1,i2,j0,k1,l1,39,n2,o1,p0,q1,r0,s0,t1,u1
a3,12,c4,d3,930,f4,g4,h3,i2,j0,k3,l0,65,n2,o1,p3,q2,r1,s0,t1,u1
a3,48,c4,d1,2751,f4,g4,h3,i2,j0,k2,l2,38,n2,o1,p1,q2,r0,s1,t1,u1
a3,6,c4,d0,250,f3,g2,h1,i1,j0,k1,l0,41,n0,o1,p1,q1,r1,s0,t1,u1
a1,24,c2,d0,1201,f0,g1,h3,i2,j0,k0,l1,26,n2,o1,p0,q2,r1,s0,t1,u1
a0,6,c2,d0,662,f0,g1,h2,i2,j0,k3,l0,41,n2,o1,p0,q1,r0,s1,t1,u1
a3,15,c2,d1,1300,f4,g4,h3,i2,j0,k3,l3,45,n0,o2,p0,q2,r0,s0,t1,u1
a3,24,c1,d8,1559,f0,g3,h3,i2,j0,k3,l2,40,n0,o1,p0,q2,r1,s1,t1,u1
a2,12,c2,d3,3016,f0,g2,h2,i3,j0,k0,l2,24,n2,o1,p0,q2,r1,s0,t1,u1
a3,15,c4,d3,1360,f0,g2,h3,i2,j0,k1,l1,31,n2,o1,p1,q2,r1,s0,t1,u1
a3,6,c0,d0,1204,f1,g2,h3,i2,j0,k0,l3,35,n0,o0,p0,q2,r1,s0,t0,u1
a3,10,c2,d0,1597,f2,g2,h2,i2,j0,k1,l3,40,n2,o0,p0,q1,r0,s0,t0,u1
a3,12,c2,d3,2073,f1,g2,h3,i1,j1,k1,l0,28,n2,o1,p0,q2,r1,s0,t1,u1
a3,11,c2,d8,2142,f3,g4,h0,i0,j0,k1,l0,28,n2,o1,p0,q2,r1,s1,t1,u1
a0,10,c4,d2,2132,f4,g1,h1,i1,j1,k2,l0,27,n2,o0,p1,q2,r1,s0,t0,u1
a3,10,c2,d0,1546,f0,g2,h2,i2,j0,k1,l0,31,n2,o1,p0,q1,r0,s0,t0,u1
a3,24,c4,d0,1287,f3,g4,h3,i1,j0,k3,l0,37,n2,o1,p1,q2,r1,s1,t1,u1
a3,10,c2,d0,1418,f1,g2,h2,i2,j0,k1,l0,35,n2,o0,p0,q1,r1,s0,t0,u1
a2,6,c4,d0,1343,f0,g4,h0,i2,j0,k3,l0,46,n2,o1,p1,q2,r0,s0,t0,u1
a3,18,c2,d0,2662,f4,g3,h3,i2,j0,k2,l1,32,n2,o1,p0,q2,r1,s0,t0,u1
a3,18,c4,d3,6070,f0,g4,h2,i2,j0,k3,l2,33,n2,o1,p1,q2,r1,s1,t1,u1
a3,24,c4,d6,1927,f4,g2,h2,i1,j0,k1,l2,33,n2,o1,p1,q2,r1,s1,t1,u1
a3,18,c4,d3,2404,f0,g2,h1,i1,j0,k1,l2,26,n2,o1,p1,q2,r1,s0,t1,u1
a3,6,c4,d3,1554,f0,g3,h0,i1,j0,k1,l2,24,n2,o0,p1,q2,r1,s1,t1,u1
a3,22,c2,d0,1283,f4,g3,h3,i1,j0,k3,l1,25,n2,o0,p0,q2,r1,s0,t1,u1
a3,24,c3,d0,717,f4,g4,h3,i3,j0,k3,l2,54,n2,o1,p1,q2,r1,s1,t1,u1
a0,24,c2,d2,1747,f0,g1,h3,i2,j1,k0,l1,24,n2,o1,p0,q1,r1,s0,t0,u1
a0,9,c4,d5,1288,f1,g4,h2,i2,j2,k3,l0,48,n2,o1,p1,q2,r0,s0,t0,u1
a0,10,c4,d0,1038,f0,g3,h3,i2,j1,k2,l1,49,n2,o1,p1,q2,r1,s1,t1,u1
a3,10,c2,d1,2848,f1,g2,h0,i2,j1,k1,l0,32,n2,o1,p0,q2,r0,s0,t1,u1
a3,12,c2,d1,1413,f3,g3,h2,i2,j0,k1,l1,55,n2,o1,p0,q2,r1,s0,t0,u1
a3,30,c4,d3,3077,f4,g4,h2,i2,j0,k1,l2,40,n2,o1,p1,q2,r0,s1,t1,u1
a0,24,c1,d1,3632,f0,g2,h0,i1,j2,k3,l2,22,n0,o0,p0,q2,r1,s0,t0,u1
a3,18,c4,d1,3229,f4,g0,h1,i2,j0,k3,l3,38,n2,o1,p0,q3,r1,s1,t1,u1
a3,9,c2,d0,3577,f1,g2,h0,i2,j2,k1,l0,26,n2,o0,p0,q2,r0,s0,t0,u1
a3,12,c4,d0,682,f1,g3,h3,i1,j0,k2,l2,51,n2,o1,p1,q2,r1,s1,t1,u1
a3,10,c2,d3,1924,f0,g2,h0,i2,j0,k3,l1,38,n2,o1,p0,q2,r1,s1,t0,u1
a3,10,c2,d6,727,f2,g4,h3,i2,j0,k3,l3,46,n2,o2,p0,q2,r1,s1,t1,u1
a2,10,c4,d0,781,f0,g4,h3,i2,j0,k3,l3,63,n2,o2,p1,q2,r1,s1,t1,u1
a0,12,c4,d0,2121,f0,g2,h3,i2,j0,k1,l1,30,n2,o1,p1,q2,r1,s0,t1,u1
a3,12,c4,d6,701,f0,g2,h3,i2,j0,k1,l2,32,n2,o1,p1,q2,r1,s0,t1,u1
a3,10,c4,d2,2069,f4,g2,h1,i3,j0,k0,l2,26,n2,o1,p1,q2,r1,s0,t0,u1
a3,24,c2,d0,1525,f3,g3,h3,i1,j0,k2,l2,34,n2,o1,p0,q2,r0,s1,t1,u1
a3,48,c4,d8,7629,f4,g4,h3,i0,j0,k1,l2,46,n0,o1,p1,q3,r0,s0,t1,u1
a0,12,c4,d0,3499,f0,g2,h2,i1,j1,k1,l0,29,n2,o1,p1,q2,r1,s0,t1,u0
a3,6,c2,d3,1346,f1,g4,h1,i2,j0,k3,l3,42,n0,o2,p0,q2,r0,s1,t1,u1
a3,36,c4,d1,10477,f4,g4,h1,i2,j0,k3,l3,42,n2,o2,p1,q2,r1,s0,t1,u1
a0,24,c2,d1,2924,f0,g2,h2,i2,j2,k3,l3,63,n0,o1,p0,q2,r0,s1,t1,u1
a3,10,c4,d0,1231,f0,g4,h2,i2,j0,k3,l0,32,n2,o1,p1,q1,r0,s0,t0,u1
a2,18,c2,d0,1961,f0,g4,h2,i1,j0,k1,l2,23,n2,o1,p0,q3,r1,s0,t1,u1
a3,15,c4,d0,5045,f4,g4,h0,i1,j0,k3,l2,59,n2,o1,p0,q2,r1,s1,t1,u1
a3,12,c4,d0,1255,f0,g4,h3,i2,j0,k3,l0,61,n2,o1,p1,q1,r1,s0,t1,u1
a0,12,c2,d2,1858,f0,g1,h3,i1,j0,k0,l2,22,n2,o0,p0,q2,r1,s0,t1,u1
a3,6,c4,d2,1221,f4,g2,h0,i3,j0,k1,l1,27,n2,o1,p1,q2,r1,s0,t1,u1
a3,9,c2,d2,1388,f0,g2,h3,i1,j0,k1,l0,26,n2,o0,p0,q2,r1,s0,t1,u1
a3,12,c2,d3,2279,f4,g2,h3,i2,j0,k3,l3,37,n2,o2,p0,q2,r1,s1,t1,u1
a3,12,c0,d2,2759,f0,g4,h1,i2,j0,k3,l1,34,n2,o1,p1,q2,r1,s0,t1,u1
a2,24,c2,d3,1258,f2,g2,h2,i1,j0,k2,l2,57,n2,o1,p0,q1,r1,s0,t1,u1
a1,12,c0,d7,1410,f0,g2,h1,i2,j0,k1,l0,31,n2,o1,p0,q1,r1,s1,t1,u1
a0,15,c2,d0,1403,f0,g2,h1,i1,j0,k3,l2,28,n2,o0,p0,q2,r1,s0,t1,u1
a0,24,c2,d2,3021,f0,g2,h1,i0,j0,k1,l0,24,n2,o0,p0,q1,r1,s0,t1,u1
a0,24,c2,d8,6568,f0,g2,h1,i3,j0,k1,l2,21,n1,o1,p0,q1,r1,s0,t1,u1
a3,24,c4,d3,2578,f3,g4,h1,i2,j0,k1,l2,34,n2,o1,p0,q2,r1,s0,t1,u1
a1,24,c4,d1,7758,f3,g4,h1,i1,j0,k3,l3,29,n2,o0,p0,q2,r1,s0,t1,u1
a0,6,c2,d4,343,f0,g1,h3,i1,j0,k0,l0,27,n2,o1,p0,q2,r1,s0,t1,u1
a3,21,c3,d2,1591,f1,g3,h3,i2,j0,k2,l0,34,n2,o1,p1,q3,r1,s0,t1,u1
a0,27,c2,d3,3416,f0,g2,h2,i2,j0,k1,l2,27,n2,o1,p0,q3,r1,s0,t1,u1
a0,12,c0,d5,1108,f0,g3,h3,i2,j0,k2,l0,28,n2,o1,p1,q2,r1,s0,t1,u0
a1,27,c3,d1,5965,f0,g4,h0,i2,j0,k1,l2,30,n2,o1,p1,q3,r1,s1,t1,u1
a1,15,c2,d5,1514,f1,g2,h3,i2,j2,k1,l0,22,n2,o1,p0,q2,r1,s0,t1,u1
a3,30,c4,d3,6742,f4,g3,h1,i2,j0,k2,l1,36,n2,o1,p1,q2,r1,s0,t1,u1
a0,18,c2,d2,3650,f0,g1,h0,i1,j0,k3,l2,22,n2,o0,p0,q2,r1,s0,t1,u1
a0,21,c2,d2,3599,f0,g3,h0,i1,j0,k3,l2,26,n2,o0,p0,q1,r1,s0,t1,u1
a3,60,c4,d0,13756,f4,g4,h1,i2,j0,k3,l3,63,n0,o2,p0,q3,r1,s1,t1,u1
a1,9,c2,d0,276,f0,g2,h3,i3,j0,k3,l0,22,n2,o0,p0,q1,r1,s0,t1,u1
a3,42,c4,d2,4041,f2,g2,h3,i2,j0,k3,l0,36,n2,o1,p1,q2,r1,s1,t1,u1
a1,9,c2,d3,458,f0,g2,h3,i2,j0,k2,l0,24,n2,o1,p0,q2,r1,s0,t1,u1
a1,9,c2,d2,918,f0,g2,h3,i1,j0,k0,l1,30,n2,o1,p0,q2,r1,s0,t1,u0
a3,24,c2,d0,7393,f0,g2,h0,i2,j0,k3,l1,43,n2,o1,p0,q1,r0,s0,t1,u1
a2,10,c2,d4,1225,f0,g2,h1,i2,j0,k1,l2,37,n2,o1,p0,q2,r1,s1,t1,u1
a0,24,c2,d1,2812,f4,g4,h1,i1,j0,k3,l0,26,n2,o0,p0,q2,r1,s0,t1,u1
a3,15,c2,d1,3029,f0,g3,h1,i2,j0,k1,l2,33,n2,o1,p0,q2,r1,s0,t1,u1
a2,12,c4,d0,1480,f2,g0,h1,i2,j0,k3,l3,66,n0,o2,p2,q0,r1,s0,t1,u1
a2,6,c4,d6,1047,f0,g2,h1,i1,j0,k3,l1,50,n2,o1,p0,q1,r1,s0,t1,u1
a3,15,c4,d3,1471,f0,g2,h3,i2,j0,k3,l3,35,n2,o2,p1,q2,r1,s1,t1,u1
a3,24,c2,d2,5511,f1,g2,h3,i2,j0,k0,l2,25,n1,o1,p0,q2,r1,s0,t1,u1
a1,9,c2,d3,1206,f0,g4,h3,i1,j0,k3,l0,25,n2,o1,p0,q2,r1,s0,t1,u1
a1,24,c3,d3,6403,f0,g1,h0,i2,j0,k1,l2,33,n2,o1,p0,q2,r1,s0,t1,u1
a3,12,c2,d3,707,f0,g2,h3,i2,j0,k1,l0,30,n0,o1,p1,q2,r1,s0,t1,u1
a3,12,c3,d1,1503,f0,g2,h3,i3,j0,k3,l0,41,n2,o0,p0,q2,r1,s0,t1,u1
a1,12,c2,d0,6078,f0,g3,h1,i2,j0,k1,l2,32,n2,o1,p0,q2,r1,s0,t1,u1
a1,27,c2,d8,2528,f0,g1,h3,i1,j0,k0,l1,32,n2,o1,p0,q2,r0,s1,t1,u1
a1,12,c2,d8,1037,f1,g3,h2,i2,j0,k3,l0,39,n2,o1,p0,q1,r1,s0,t1,u1
a0,6,c2,d1,1352,f2,g0,h0,i1,j0,k1,l1,23,n2,o0,p0,q0,r1,s1,t1,u1
a3,24,c2,d3,3181,f0,g1,h3,i1,j0,k3,l1,26,n2,o1,p0,q2,r1,s1,t1,u1
a3,18,c2,d3,4594,f0,g1,h2,i2,j0,k1,l2,32,n2,o1,p0,q2,r1,s1,t1,u1
a1,48,c2,d9,5381,f4,g0,h2,i2,j0,k3,l3,40,n0,o2,p0,q0,r1,s1,t1,u1
a3,15,c2,d1,4657,f0,g2,h2,i2,j0,k1,l2,30,n2,o1,p0,q2,r1,s1,t1,u1
a1,9,c2,d8,1391,f0,g2,h1,i3,j0,k0,l0,27,n0,o1,p0,q2,r1,s1,t1,u1
a1,18,c2,d8,1913,f3,g1,h2,i3,j0,k2,l0,36,n0,o1,p0,q2,r1,s1,t1,u1
a3,42,c2,d3,7166,f4,g3,h1,i3,j0,k3,l1,29,n2,o0,p0,q2,r1,s1,t1,u1
a3,13,c2,d3,1409,f1,g0,h1,i1,j0,k3,l0,64,n2,o1,p0,q2,r1,s0,t1,u1
a3,24,c3,d8,2978,f4,g2,h3,i2,j0,k3,l0,32,n2,o1,p1,q2,r0,s1,t1,u1
a3,12,c4,d3,976,f4,g4,h3,i2,j0,k3,l2,35,n2,o1,p1,q2,r1,s0,t1,u1
a3,24,c3,d8,2375,f2,g2,h3,i2,j0,k1,l2,44,n2,o1,p1,q2,r0,s1,t1,u1
a3,12,c4,d3,522,f2,g4,h3,i2,j0,k3,l1,42,n2,o1,p1,q2,r0,s1,t1,u1
a3,28,c4,d3,2743,f0,g4,h3,i2,j0,k1,l2,29,n2,o1,p1,q2,r1,s0,t1,u1
a3,11,c4,d3,1154,f1,g0,h3,i1,j0,k3,l0,57,n2,o1,p2,q1,r1,s0,t1,u1
a3,24,c4,d1,5804,f3,g2,h3,i2,j0,k1,l0,27,n2,o1,p1,q2,r1,s0,t1,u1
a3,18,c4,d3,1169,f4,g2,h3,i2,j0,k2,l1,29,n2,o1,p1,q2,r1,s1,t1,u1
a0,15,c4,d2,1478,f0,g4,h3,i2,j0,k3,l2,44,n2,o1,p1,q2,r0,s1,t1,u1
a3,12,c2,d3,776,f0,g2,h3,i3,j0,k1,l0,28,n2,o1,p0,q2,r1,s0,t1,u1
a1,11,c4,d0,1322,f3,g2,h3,i1,j0,k3,l2,40,n2,o1,p1,q2,r1,s0,t1,u1
a1,16,c4,d0,1175,f0,g0,h1,i2,j0,k2,l2,68,n2,o2,p2,q0,r1,s1,t1,u1
a3,12,c2,d0,2133,f4,g4,h3,i1,j0,k3,l3,52,n2,o2,p0,q3,r1,s1,t1,u1
a3,15,c4,d3,1829,f0,g4,h3,i2,j0,k3,l2,46,n2,o1,p1,q2,r1,s1,t1,u1
a3,12,c4,d3,717,f0,g4,h3,i2,j0,k3,l0,52,n2,o1,p2,q2,r1,s0,t1,u1
a1,39,c3,d6,11760,f1,g3,h1,i2,j0,k2,l3,32,n2,o0,p0,q2,r1,s1,t1,u1
a1,9,c4,d6,1501,f0,g4,h1,i1,j0,k2,l2,34,n2,o1,p1,q3,r1,s1,t1,u0
a0,12,c2,d6,1200,f4,g2,h3,i1,j0,k3,l1,23,n0,o0,p0,q2,r1,s1,t1,u1
a1,9,c2,d0,3195,f4,g2,h0,i1,j0,k1,l0,33,n2,o1,p0,q1,r1,s0,t1,u1
a3,30,c4,d3,4530,f0,g3,h3,i1,j0,k3,l2,26,n2,o0,p0,q3,r1,s1,t1,u1
a3,12,c3,d5,1555,f3,g4,h3,i2,j0,k3,l3,55,n2,o2,p1,q2,r0,s0,t1,u0
a1,15,c4,d8,2326,f2,g2,h1,i2,j0,k3,l2,27,n0,o1,p0,q2,r1,s0,t1,u1
a1,18,c4,d8,1887,f4,g2,h3,i3,j0,k3,l0,28,n0,o1,p1,q2,r1,s0,t1,u1
a3,12,c4,d8,1264,f4,g4,h3,i2,j0,k3,l3,57,n2,o0,p0,q1,r1,s0,t1,u1
a3,7,c3,d3,846,f4,g4,h2,i2,j0,k3,l3,36,n2,o2,p0,q2,r1,s0,t1,u1
a3,15,c4,d6,1532,f1,g2,h3,i1,j0,k2,l2,31,n2,o1,p0,q2,r1,s0,t1,u1
a3,6,c3,d3,935,f0,g2,h2,i1,j0,k1,l0,24,n2,o1,p0,q2,r1,s0,t1,u1
a0,27,c4,d8,2442,f0,g4,h3,i2,j0,k3,l2,43,n1,o1,p3,q3,r0,s1,t1,u1
a1,18,c4,d8,3590,f0,g0,h2,i3,j0,k2,l2,40,n2,o1,p2,q0,r0,s1,t1,u1
a3,21,c4,d2,2288,f0,g1,h3,i1,j0,k3,l1,23,n2,o1,p0,q2,r1,s1,t1,u1
a3,27,c3,d8,5117,f0,g3,h2,i2,j0,k3,l2,26,n2,o1,p1,q2,r1,s0,t1,u1
a0,39,c4,d2,14179,f4,g3,h3,i2,j0,k3,l1,30,n2,o1,p1,q3,r1,s1,t1,u1
a3,15,c2,d3,1386,f4,g2,h3,i3,j0,k1,l0,40,n2,o0,p0,q2,r1,s1,t1,u1
a3,12,c4,d3,618,f0,g4,h3,i2,j0,k3,l0,56,n2,o1,p0,q2,r1,s0,t1,u1
a3,12,c2,d2,1574,f0,g2,h3,i2,j0,k1,l0,50,n2,o1,p0,q2,r1,s0,t1,u1
a3,6,c4,d3,700,f4,g4,h3,i2,j0,k3,l3,36,n2,o2,p1,q2,r1,s0,t1,u1
a3,12,c2,d3,886,f4,g2,h3,i1,j0,k1,l2,21,n2,o1,p0,q2,r1,s0,t1,u1
a3,36,c2,d1,4686,f0,g2,h1,i2,j0,k1,l3,32,n2,o2,p0,q3,r1,s1,t1,u1
a1,9,c2,d3,790,f2,g2,h3,i1,j0,k2,l0,66,n2,o1,p0,q1,r1,s0,t1,u1
a1,12,c2,d3,766,f2,g2,h3,i2,j0,k2,l0,66,n2,o1,p0,q1,r1,s0,t1,u0
a0,20,c2,d2,2212,f4,g3,h3,i2,j0,k3,l2,39,n2,o1,p0,q2,r1,s1,t1,u1
a1,10,c2,d0,7308,f0,g0,h1,i2,j0,k3,l3,70,n0,o2,p0,q3,r1,s1,t1,u1
a1,24,c4,d6,5743,f0,g1,h1,i1,j0,k3,l3,24,n2,o2,p1,q2,r1,s1,t1,u1
a0,14,c2,d0,3973,f0,g0,h0,i2,j0,k3,l3,22,n2,o2,p0,q2,r1,s0,t1,u1
a1,60,c3,d3,7418,f4,g2,h0,i2,j0,k0,l0,27,n2,o1,p0,q1,r1,s0,t1,u1
a1,20,c3,d9,2629,f0,g2,h1,i2,j0,k2,l2,29,n0,o1,p1,q2,r1,s1,t1,u1
a1,18,c2,d8,1941,f3,g2,h3,i2,j0,k1,l1,35,n2,o1,p0,q1,r1,s1,t1,u1
a1,24,c3,d2,2333,f4,g1,h3,i2,j0,k1,l1,29,n0,o1,p0,q1,r1,s0,t1,u1
a3,12,c2,d1,2445,f4,g1,h1,i3,j0,k3,l2,26,n2,o0,p0,q2,r1,s1,t1,u1
a1,20,c2,d1,6468,f4,g0,h0,i0,j0,k3,l0,60,n2,o1,p0,q3,r1,s1,t1,u1
a1,18,c4,d2,7374,f0,g0,h3,i2,j0,k3,l1,40,n1,o1,p1,q3,r1,s1,t1,u1
a3,15,c2,d1,3812,f1,g1,h0,i1,j0,k3,l2,23,n2,o1,p0,q2,r1,s1,t1,u1
a0,28,c2,d0,4006,f0,g2,h2,i2,j0,k1,l2,45,n2,o1,p0,q1,r1,s0,t1,u0
a1,12,c2,d0,7472,f4,g0,h0,i1,j0,k1,l0,24,n2,o0,p0,q0,r1,s0,t1,u1
a2,12,c2,d2,1424,f4,g4,h2,i1,j0,k3,l0,55,n2,o1,p0,q3,r1,s1,t1,u1
a1,12,c2,d1,2028,f4,g2,h3,i2,j0,k1,l2,30,n2,o1,p0,q2,r1,s0,t1,u1
a3,15,c2,d0,5324,f2,g4,h0,i1,j0,k3,l3,35,n2,o2,p0,q2,r1,s0,t1,u1
a1,36,c2,d3,2323,f0,g3,h3,i2,j0,k3,l2,24,n2,o0,p0,q2,r1,s0,t1,u1
a3,12,c2,d6,1393,f0,g4,h3,i2,j0,k3,l1,47,n0,o1,p2,q2,r0,s1,t1,u1
a3,18,c2,d2,1984,f0,g2,h3,i2,j0,k3,l3,47,n0,o2,p1,q2,r1,s0,t1,u1
a3,24,c2,d3,999,f4,g4,h3,i2,j0,k1,l2,25,n2,o1,p1,q2,r1,s0,t1,u1
a3,36,c2,d8,7409,f4,g4,h2,i2,j0,k1,l1,37,n2,o1,p1,q2,r1,s0,t1,u1
a3,15,c2,d2,2186,f4,g3,h0,i1,j0,k3,l0,33,n0,o0,p0,q1,r1,s0,t1,u1
a2,36,c2,d3,4473,f0,g4,h3,i2,j0,k1,l2,31,n2,o1,p0,q2,r1,s0,t1,u1
a3,24,c2,d7,937,f0,g1,h3,i3,j0,k2,l2,27,n2,o1,p1,q1,r1,s0,t1,u1
a3,18,c2,d2,3422,f0,g4,h3,i2,j0,k3,l1,47,n0,o1,p2,q2,r0,s1,t1,u1
a3,24,c2,d3,3105,f4,g1,h3,i2,j0,k1,l2,25,n2,o1,p1,q2,r1,s0,t1,u1
a3,12,c4,d6,2748,f0,g4,h1,i1,j0,k3,l3,57,n0,o2,p2,q1,r1,s0,t1,u1
a1,18,c2,d5,3872,f0,g0,h1,i1,j0,k3,l2,67,n2,o1,p0,q2,r1,s1,t1,u1
a3,27,c2,d5,5190,f4,g4,h3,i2,j0,k3,l1,48,n2,o1,p3,q2,r0,s1,t1,u1
a1,18,c2,d2,3001,f0,g3,h1,i1,j0,k3,l0,40,n2,o0,p0,q2,r1,s0,t1,u1
a3,24,c3,d8,3863,f0,g2,h0,i2,j0,k1,l3,32,n2,o2,p0,q2,r1,s0,t1,u1
a3,12,c4,d2,5801,f4,g4,h1,i2,j0,k3,l1,49,n2,o0,p0,q2,r1,s1,t0,u1
a3,12,c4,d2,1592,f3,g3,h2,i1,j0,k1,l1,35,n2,o1,p0,q2,r1,s0,t1,u1
a3,12,c4,d8,1185,f0,g2,h2,i1,j0,k1,l0,27,n2,o1,p1,q2,r1,s0,t1,u1
a3,18,c4,d2,3780,f0,g1,h2,i0,j0,k1,l2,35,n2,o1,p1,q3,r1,s1,t1,u1
a1,18,c4,d2,3612,f0,g4,h2,i1,j0,k3,l1,37,n2,o1,p0,q2,r1,s1,t0,u1
a3,12,c2,d8,1076,f0,g2,h1,i3,j0,k1,l0,26,n2,o1,p0,q2,r1,s1,t1,u1
a3,12,c2,d0,3527,f4,g1,h1,i2,j0,k2,l1,45,n2,o1,p0,q3,r0,s1,t1,u1
a3,18,c2,d3,2051,f0,g1,h3,i2,j0,k0,l0,33,n2,o1,p0,q2,r1,s0,t1,u1
a3,12,c4,d2,3331,f0,g4,h1,i2,j0,k3,l1,42,n1,o1,p0,q2,r1,s0,t1,u1
a0,18,c0,d8,3104,f0,g3,h2,i2,j0,k0,l1,31,n0,o1,p0,q2,r1,s1,t1,u1
a3,24,c4,d3,2611,f0,g4,h3,i3,j1,k2,l0,46,n2,o1,p1,q2,r1,s0,t1,u1
a0,12,c4,d1,1409,f0,g4,h3,i2,j0,k2,l0,54,n2,o1,p0,q2,r1,s0,t1,u1
a3,24,c2,d3,1311,f1,g3,h3,i3,j0,k2,l1,26,n2,o1,p0,q2,r1,s1,t1,u1
a3,6,c2,d3,2108,f0,g3,h1,i3,j0,k1,l0,29,n2,o0,p0,q2,r1,s0,t1,u1
a3,24,c4,d1,4042,f4,g3,h2,i2,j0,k3,l1,43,n2,o1,p1,q2,r1,s1,t1,u1
a3,12,c4,d0,926,f0,g0,h0,i1,j0,k1,l1,38,n2,o1,p0,q0,r1,s0,t1,u1
a0,12,c2,d3,1680,f2,g4,h2,i3,j0,k0,l0,35,n2,o1,p0,q2,r1,s0,t1,u1
a3,24,c2,d0,1249,f0,g1,h3,i3,j0,k1,l0,28,n2,o1,p0,q2,r1,s0,t1,u1
a3,24,c4,d0,2463,f1,g3,h3,i3,j0,k2,l1,27,n2,o1,p1,q2,r1,s1,t1,u1
a3,6,c2,d3,1595,f0,g3,h2,i2,j0,k1,l1,51,n2,o1,p0,q2,r0,s0,t1,u1
a3,24,c4,d5,2058,f0,g2,h3,i0,j0,k1,l0,33,n2,o1,p1,q2,r1,s1,t1,u1
a3,24,c2,d1,7814,f0,g3,h2,i2,j0,k2,l2,38,n2,o1,p0,q3,r1,s1,t1,u1
a3,6,c4,d3,1740,f0,g4,h1,i3,j0,k1,l0,30,n2,o0,p1,q2,r1,s0,t1,u1
a3,12,c4,d3,1240,f4,g4,h3,i1,j0,k1,l0,38,n2,o1,p1,q2,r1,s1,t1,u1
a3,24,c4,d1,6842,f4,g2,h1,i2,j0,k3,l1,46,n2,o1,p1,q3,r0,s1,t1,u1
a3,24,c4,d2,5150,f0,g4,h3,i2,j0,k3,l2,33,n2,o1,p0,q2,r1,s1,t1,u1
a0,6,c2,d0,1203,f1,g4,h2,i2,j0,k1,l1,43,n2,o1,p0,q2,r1,s1,t1,u1
a3,6,c4,d0,2080,f2,g2,h0,i3,j0,k1,l2,24,n2,o1,p0,q2,r1,s0,t1,u1
a3,6,c2,d6,1538,f0,g1,h0,i1,j0,k1,l3,56,n2,o1,p0,q2,r1,s0,t1,u1
a1,24,c4,d0,3878,f1,g1,h3,i0,j0,k1,l2,37,n2,o1,p0,q2,r1,s1,t1,u1
a1,30,c2,d2,3832,f0,g1,h1,i3,j0,k0,l1,22,n2,o1,p0,q2,r1,s0,t1,u1
a3,15,c2,d0,3186,f3,g3,h1,i1,j0,k2,l2,20,n2,o0,p0,q2,r1,s0,t1,u1
a1,24,c2,d3,2896,f1,g1,h1,i2,j0,k0,l2,29,n2,o1,p0,q2,r1,s0,t1,u1
a1,24,c3,d8,6967,f1,g3,h3,i2,j0,k3,l2,36,n2,o0,p0,q3,r1,s1,t1,u1
a3,36,c2,d6,1819,f0,g2,h3,i2,j0,k3,l3,37,n1,o2,p0,q2,r1,s1,t1,u0
a3,24,c2,d3,5943,f4,g1,h0,i1,j0,k0,l2,44,n2,o1,p1,q2,r1,s1,t1,u0
a3,36,c4,d2,7127,f0,g1,h1,i1,j0,k3,l1,23,n2,o0,p1,q2,r1,s1,t1,u0
a3,36,c2,d2,3349,f0,g2,h3,i1,j0,k1,l2,28,n2,o1,p0,q3,r1,s1,t1,u0
a3,36,c2,d2,10974,f0,g0,h3,i1,j0,k1,l2,26,n2,o1,p1,q3,r1,s1,t1,u0
a3,6,c2,d3,518,f0,g2,h2,i1,j0,k0,l0,29,n2,o1,p0,q2,r1,s0,t1,u1
a3,18,c2,d3,1126,f4,g1,h3,i1,j0,k1,l0,21,n2,o0,p0,q2,r1,s1,t1,u1
a1,12,c4,d1,1860,f0,g0,h3,i2,j0,k1,l2,34,n2,o1,p1,q3,r1,s1,t1,u1
a3,36,c4,d3,9566,f0,g2,h1,i1,j0,k1,l2,31,n1,o1,p1,q2,r1,s0,t1,u1
a0,12,c2,d3,701,f0,g2,h3,i3,j0,k1,l0,40,n2,o1,p0,q1,r1,s0,t1,u1
a1,12,c2,d3,2930,f0,g3,h1,i1,j0,k0,l0,27,n2,o1,p0,q2,r1,s0,t1,u1
a3,18,c2,d3,1505,f0,g2,h3,i2,j0,k1,l3,32,n2,o2,p0,q3,r1,s1,t1,u1
a3,18,c4,d3,2238,f0,g2,h1,i1,j0,k0,l2,25,n2,o1,p1,q2,r1,s0,t1,u1
a3,4,c4,d3,1503,f0,g3,h1,i2,j0,k0,l0,42,n2,o1,p1,q1,r0,s0,t1,u1
a3,24,c4,d1,2197,f4,g3,h3,i2,j0,k3,l2,43,n2,o1,p1,q2,r0,s1,t1,u1
a2,12,c2,d3,1881,f0,g2,h1,i1,j0,k1,l2,44,n2,o0,p0,q1,r1,s1,t1,u1
a0,18,c4,d3,1880,f0,g3,h3,i3,j0,k0,l1,32,n2,o1,p1,q3,r1,s1,t1,u1
a0,18,c2,d3,2389,f0,g1,h3,i1,j0,k0,l2,27,n1,o1,p0,q2,r1,s0,t1,u1
a1,24,c2,d3,1967,f0,g4,h3,i1,j0,k3,l2,20,n2,o1,p0,q2,r1,s1,t1,u1
a3,4,c4,d0,3380,f0,g3,h0,i1,j0,k0,l0,37,n2,o1,p0,q2,r0,s0,t1,u1
a3,4,c4,d0,1455,f0,g3,h1,i2,j0,k0,l0,42,n2,o1,p2,q1,r0,s0,t1,u1
a3,7,c4,d3,730,f4,g4,h3,i2,j0,k1,l1,46,n2,o0,p1,q1,r1,s1,t1,u1
a1,18,c0,d2,3244,f0,g2,h0,i1,j0,k3,l2,33,n0,o1,p1,q2,r1,s1,t1,u1
a1,9,c2,d3,1670,f0,g1,h3,i1,j0,k1,l2,22,n2,o1,p0,q2,r1,s1,t1,u0
a1,48,c2,d3,3979,f4,g3,h3,i2,j0,k0,l2,41,n2,o1,p1,q2,r0,s1,t1,u1
a1,12,c2,d2,1922,f0,g2,h3,i2,j0,k1,l1,37,n2,o1,p0,q1,r1,s0,t1,u0
a1,18,c4,d2,1295,f0,g1,h3,i1,j0,k0,l1,27,n2,o1,p1,q2,r1,s0,t1,u1
a3,4,c4,d3,1544,f0,g3,h1,i2,j0,k0,l0,42,n2,o1,p2,q1,r0,s0,t1,u1
a1,8,c2,d8,907,f0,g1,h2,i3,j0,k1,l0,26,n2,o1,p0,q2,r1,s1,t1,u1
a1,30,c2,d3,1715,f4,g2,h3,i1,j0,k0,l2,26,n2,o1,p0,q2,r1,s0,t1,u1
a2,10,c4,d3,1347,f4,g3,h3,i2,j0,k1,l1,27,n2,o1,p1,q2,r1,s1,t1,u1
a1,12,c2,d0,1007,f3,g2,h3,i3,j0,k0,l0,22,n2,o1,p0,q2,r1,s0,t1,u1
a3,12,c4,d2,1402,f2,g3,h2,i1,j0,k3,l2,37,n2,o0,p0,q2,r1,s1,t1,u1
a1,12,c2,d0,2002,f0,g3,h2,i2,j0,k3,l1,30,n2,o0,p0,q2,r0,s1,t1,u1
a3,12,c4,d6,2096,f0,g3,h1,i2,j0,k2,l0,49,n2,o1,p0,q1,r0,s0,t1,u1
a3,12,c2,d0,1101,f0,g2,h2,i3,j0,k1,l0,27,n2,o1,p1,q2,r1,s1,t1,u1
a3,10,c2,d7,894,f4,g3,h3,i1,j0,k2,l1,40,n2,o1,p0,q2,r1,s1,t1,u1
a1,11,c2,d2,1577,f3,g1,h3,i1,j0,k0,l0,20,n2,o1,p0,q2,r1,s0,t1,u1
a3,33,c3,d8,2764,f0,g2,h1,i1,j0,k1,l2,26,n2,o1,p1,q2,r1,s1,t1,u1
a1,48,c0,d0,8358,f2,g1,h0,i1,j0,k0,l2,30,n2,o1,p1,q2,r1,s0,t1,u1
a2,12,c2,d2,1474,f0,g1,h3,i1,j0,k0,l1,33,n0,o1,p0,q3,r1,s1,t1,u1
a3,24,c2,d1,5433,f4,g0,h1,i1,j0,k3,l1,26,n2,o0,p0,q3,r1,s1,t1,u1
a1,14,c2,d8,1410,f2,g4,h0,i3,j0,k1,l0,35,n2,o1,p0,q2,r1,s1,t1,u1
a3,20,c4,d0,3485,f4,g1,h1,i0,j0,k3,l0,44,n2,o1,p1,q2,r1,s1,t1,u1
a3,18,c4,d1,3850,f0,g3,h2,i2,j0,k0,l2,27,n2,o1,p1,q2,r1,s0,t1,u1
a1,60,c2,d0,7408,f1,g1,h3,i1,j0,k1,l1,24,n2,o1,p0,q3,r1,s0,t1,u0
a2,24,c2,d3,1377,f1,g4,h3,i1,j0,k1,l3,47,n2,o2,p0,q2,r1,s1,t1,u1
a3,30,c3,d8,4272,f1,g2,h1,i2,j0,k1,l1,26,n2,o1,p1,q1,r1,s0,t1,u1
a1,24,c3,d3,1553,f1,g3,h2,i1,j0,k1,l1,23,n2,o0,p1,q2,r1,s1,t1,u1
a1,36,c3,d8,9857,f1,g3,h0,i2,j0,k2,l1,31,n2,o1,p1,q1,r0,s1,t1,u1
a3,6,c4,d0,362,f1,g2,h3,i1,j0,k3,l2,52,n2,o1,p1,q1,r1,s0,t1,u1
a3,12,c4,d2,1935,f0,g4,h3,i2,j0,k3,l0,43,n2,o1,p2,q2,r1,s1,t1,u1
a3,48,c2,d3,10222,f4,g3,h3,i2,j0,k2,l2,37,n1,o1,p0,q2,r1,s1,t1,u1
a2,12,c2,d0,1330,f0,g1,h3,i2,j0,k0,l0,26,n2,o1,p0,q2,r1,s0,t1,u1
a3,36,c2,d6,9055,f4,g2,h1,i2,j0,k3,l3,35,n2,o2,p0,q1,r0,s1,t1,u1
a1,26,c2,d1,7966,f0,g1,h1,i2,j0,k2,l2,30,n2,o1,p1,q2,r1,s0,t1,u1
a1,30,c1,d2,3496,f3,g2,h3,i2,j0,k1,l2,34,n1,o1,p0,q2,r0,s1,t1,u1
a1,36,c2,d1,6948,f0,g2,h1,i2,j0,k1,l2,35,n2,o0,p0,q3,r1,s1,t1,u1
a1,48,c0,d8,12204,f4,g2,h1,i2,j0,k1,l2,48,n0,o1,p0,q3,r1,s1,t1,u1
a0,36,c2,d2,3446,f0,g4,h3,i2,j0,k1,l2,42,n2,o1,p0,q2,r0,s0,t1,u0
a0,12,c2,d6,684,f0,g2,h3,i2,j0,k3,l2,40,n2,o0,p0,q1,r0,s0,t1,u0
a0,33,c4,d2,4281,f2,g2,h0,i1,j0,k3,l2,23,n2,o1,p1,q2,r1,s0,t1,u0
a0,42,c2,d3,7174,f4,g3,h3,i1,j0,k2,l2,30,n2,o1,p0,q3,r1,s1,t1,u0
a0,24,c1,d3,1546,f0,g3,h3,i2,j2,k3,l2,24,n0,o0,p0,q1,r1,s0,t1,u0
a0,24,c2,d2,2359,f1,g0,h0,i0,j0,k0,l1,33,n2,o1,p0,q2,r1,s0,t1,u0
a3,24,c2,d3,3621,f1,g4,h1,i2,j0,k3,l2,31,n2,o1,p1,q2,r1,s0,t1,u0
a0,12,c2,d4,741,f1,g0,h3,i1,j0,k2,l1,22,n2,o1,p0,q2,r1,s0,t1,u0
a0,12,c2,d2,7865,f0,g4,h3,i2,j0,k3,l3,53,n2,o2,p0,q3,r1,s1,t1,u0
a0,24,c2,d1,2910,f0,g3,h1,i2,j0,k0,l3,34,n2,o2,p0,q3,r1,s1,t1,u1
a0,18,c4,d0,5302,f0,g4,h1,i2,j0,k3,l3,36,n2,o2,p2,q3,r1,s1,t1,u1
a0,36,c2,d2,3620,f0,g2,h0,i2,j2,k1,l1,37,n2,o1,p0,q2,r0,s0,t1,u1
a0,18,c2,d3,3509,f0,g3,h3,i1,j2,k0,l0,25,n2,o1,p0,q2,r1,s0,t1,u1
a1,12,c2,d2,3017,f0,g1,h2,i1,j0,k0,l0,34,n2,o0,p0,q3,r1,s0,t1,u1
a0,12,c2,d2,1657,f0,g2,h1,i2,j0,k1,l0,27,n2,o1,p0,q2,r1,s0,t1,u1
a0,8,c4,d9,1164,f0,g4,h2,i2,j0,k3,l3,51,n0,o2,p1,q3,r0,s1,t1,u1
a0,36,c4,d2,6229,f0,g1,h3,i1,j1,k3,l3,23,n2,o0,p1,q1,r1,s1,t1,u0
a0,24,c1,d0,1193,f0,g0,h0,i1,j1,k3,l3,29,n2,o0,p1,q0,r1,s0,t1,u0
a0,30,c0,d2,4583,f0,g2,h1,i0,j2,k1,l0,32,n2,o1,p1,q2,r1,s0,t1,u1
a0,36,c4,d2,5371,f0,g2,h2,i2,j2,k1,l1,28,n2,o1,p1,q2,r1,s0,t1,u1
a0,12,c2,d2,708,f0,g2,h1,i2,j2,k2,l1,38,n2,o1,p0,q1,r0,s0,t1,u1
a0,21,c4,d0,571,f0,g4,h3,i2,j0,k3,l0,65,n2,o1,p1,q2,r1,s0,t1,u1
a0,30,c2,d3,2522,f0,g4,h0,i2,j2,k2,l1,39,n2,o1,p0,q2,r0,s0,t1,u1
a0,36,c2,d2,5179,f0,g3,h3,i2,j0,k1,l1,29,n2,o1,p0,q2,r1,s0,t1,u0
a0,36,c2,d1,8229,f0,g2,h1,i2,j0,k1,l1,26,n2,o1,p0,q2,r0,s0,t1,u0
a3,24,c4,d2,2028,f0,g3,h1,i2,j0,k1,l1,30,n2,o1,p1,q1,r1,s0,t1,u1
a0,6,c2,d0,1374,f4,g0,h3,i1,j0,k2,l1,75,n2,o1,p0,q3,r1,s1,t1,u1
a0,12,c2,d2,1289,f0,g2,h3,i2,j2,k0,l1,21,n2,o1,p0,q1,r1,s0,t1,u1
a0,36,c2,d2,2712,f0,g4,h1,i2,j0,k1,l1,41,n0,o1,p0,q2,r0,s0,t1,u0
a0,15,c4,d2,975,f0,g2,h1,i0,j0,k2,l1,25,n2,o1,p1,q2,r1,s0,t1,u1
a1,6,c3,d2,1050,f0,g0,h3,i2,j0,k0,l1,35,n1,o1,p1,q3,r1,s1,t0,u1
a0,6,c4,d0,609,f0,g3,h3,i1,j0,k2,l1,37,n2,o1,p1,q2,r1,s0,t1,u1
a0,48,c2,d1,4788,f0,g3,h3,i2,j0,k2,l1,26,n2,o1,p0,q2,r0,s0,t1,u1
a1,24,c2,d2,3069,f1,g4,h3,i2,j0,k3,l3,30,n2,o2,p0,q2,r1,s0,t1,u1
a1,12,c2,d0,836,f1,g1,h3,i1,j0,k1,l1,23,n0,o1,p0,q1,r1,s0,t1,u0
a0,12,c2,d2,2577,f0,g2,h1,i0,j0,k0,l2,42,n2,o1,p0,q2,r1,s0,t1,u1
a0,12,c2,d2,1620,f0,g2,h1,i1,j1,k2,l1,30,n2,o1,p0,q2,r1,s0,t1,u1
a0,15,c2,d2,1845,f0,g1,h3,i1,j2,k0,l1,46,n2,o0,p0,q2,r1,s0,t1,u1
a0,24,c2,d1,6579,f0,g0,h3,i2,j0,k1,l3,29,n2,o2,p0,q3,r1,s1,t1,u1
a0,12,c2,d0,1893,f0,g2,h3,i1,j2,k3,l1,29,n2,o1,p0,q2,r1,s1,t1,u1
a0,30,c4,d1,10623,f0,g4,h2,i2,j0,k3,l3,38,n2,o2,p2,q3,r0,s1,t1,u1
a0,18,c2,d0,2249,f1,g3,h3,i2,j0,k2,l2,30,n2,o1,p0,q3,r0,s1,t1,u1
a0,30,c2,d2,3108,f0,g1,h1,i0,j0,k3,l1,31,n2,o1,p0,q1,r1,s0,t1,u0
a1,12,c4,d0,958,f0,g3,h1,i2,j0,k2,l0,47,n2,o1,p1,q1,r0,s0,t1,u1
a3,24,c2,d1,9277,f4,g2,h1,i0,j0,k3,l3,48,n2,o2,p0,q2,r1,s1,t1,u1
a3,24,c4,d9,6314,f0,g0,h3,i2,j1,k1,l3,27,n0,o1,p1,q3,r1,s1,t1,u1
a0,12,c4,d1,1526,f0,g4,h3,i2,j0,k3,l3,66,n2,o2,p1,q3,r1,s0,t1,u1
a0,12,c2,d2,3590,f0,g2,h1,i2,j1,k1,l1,29,n2,o1,p0,q1,r0,s0,t1,u1
a0,24,c4,d1,6615,f0,g0,h1,i2,j0,k3,l3,75,n2,o2,p1,q3,r1,s1,t1,u1
a0,6,c4,d2,1872,f0,g0,h3,i2,j0,k3,l3,36,n2,o2,p2,q3,r1,s1,t1,u1
a3,12,c2,d0,2859,f4,g0,h3,i2,j0,k3,l3,38,n2,o1,p0,q3,r1,s1,t1,u1
a3,18,c4,d3,1582,f3,g4,h3,i2,j0,k3,l2,46,n2,o1,p1,q2,r1,s0,t1,u1
a3,6,c2,d7,1238,f4,g0,h3,i2,j0,k3,l1,36,n2,o1,p0,q3,r0,s1,t1,u1
a0,12,c2,d2,2578,f0,g0,h2,i1,j0,k3,l3,55,n2,o2,p0,q3,r1,s0,t1,u1
a0,15,c4,d2,1433,f0,g2,h3,i1,j0,k2,l1,25,n2,o0,p1,q2,r1,s0,t1,u1
a0,42,c2,d2,7882,f0,g3,h1,i2,j2,k3,l1,45,n2,o2,p0,q2,r0,s0,t1,u1
a0,24,c2,d2,4169,f0,g2,h3,i2,j0,k3,l1,28,n2,o1,p0,q2,r1,s0,t1,u1
a0,36,c2,d2,3959,f0,g0,h3,i2,j0,k2,l1,30,n2,o1,p0,q3,r1,s1,t1,u1
a0,36,c2,d0,3249,f0,g3,h1,i2,j0,k3,l3,39,n0,o2,p0,q3,r0,s1,t1,u1
a0,24,c2,d2,3149,f0,g1,h3,i2,j0,k0,l3,22,n0,o2,p0,q2,r1,s0,t1,u1
a0,12,c4,d2,2246,f0,g4,h2,i2,j0,k2,l1,60,n2,o1,p1,q2,r1,s0,t1,u0
a0,13,c4,d8,1797,f0,g1,h2,i2,j0,k0,l1,28,n0,o1,p1,q1,r1,s0,t1,u1
a0,20,c4,d2,4272,f0,g4,h0,i1,j0,k3,l1,24,n2,o1,p1,q2,r1,s0,t1,u1
a0,24,c4,d1,2957,f0,g4,h3,i2,j0,k3,l1,63,n2,o1,p1,q2,r1,s1,t1,u1
a0,36,c4,d2,2348,f0,g2,h2,i3,j0,k1,l1,46,n2,o1,p1,q2,r1,s1,t1,u1
a2,42,c0,d8,6289,f0,g1,h1,i0,j0,k0,l1,33,n2,o1,p1,q2,r1,s0,t1,u1
a0,24,c4,d1,6419,f0,g4,h1,i1,j0,k3,l3,44,n2,o2,p1,q3,r0,s1,t1,u1
a0,48,c4,d1,6143,f0,g4,h3,i1,j0,k3,l3,58,n1,o2,p1,q1,r1,s0,t1,u0
a3,24,c4,d6,1597,f0,g4,h3,i2,j0,k3,l3,54,n2,o2,p1,q2,r0,s0,t1,u1
a0,36,c2,d9,15857,f0,g0,h1,i0,j1,k2,l2,43,n2,o1,p0,q3,r1,s0,t1,u1
a3,24,c4,d3,2223,f1,g4,h3,i2,j0,k3,l1,52,n0,o1,p1,q2,r1,s0,t1,u1
a3,48,c3,d3,7238,f4,g4,h2,i2,j0,k2,l2,32,n0,o1,p1,q2,r0,s0,t1,u1
a1,30,c3,d8,2503,f1,g4,h3,i2,j0,k1,l1,41,n1,o1,p1,q2,r1,s0,t1,u1
a1,18,c2,d8,2622,f1,g2,h3,i2,j0,k3,l2,34,n2,o1,p0,q2,r1,s0,t1,u1
a1,24,c2,d2,4351,f4,g2,h0,i1,j0,k3,l1,48,n2,o1,p0,q1,r1,s1,t1,u1
a1,6,c2,d3,368,f4,g4,h3,i2,j0,k3,l1,38,n2,o1,p0,q2,r1,s0,t1,u1
a1,12,c2,d7,754,f4,g4,h3,i2,j0,k3,l1,38,n2,o1,p1,q2,r1,s0,t1,u1
a3,24,c4,d3,2424,f4,g4,h3,i2,j0,k3,l1,53,n2,o1,p1,q2,r1,s0,t1,u1
a1,48,c3,d8,6681,f4,g2,h3,i2,j0,k3,l3,38,n2,o2,p0,q2,r0,s1,t1,u1
a1,18,c3,d8,2427,f4,g4,h3,i2,j0,k1,l1,42,n2,o1,p1,q2,r1,s0,t1,u1
a1,24,c4,d3,1216,f1,g1,h3,i2,j0,k3,l3,38,n0,o1,p1,q2,r0,s0,t1,u0
a1,6,c2,d3,753,f0,g2,h1,i1,j2,k2,l0,64,n2,o1,p0,q2,r1,s0,t1,u1
a1,7,c2,d3,2576,f0,g2,h1,i2,j2,k1,l0,35,n2,o1,p0,q2,r1,s0,t0,u1
a1,6,c2,d3,590,f0,g1,h2,i3,j0,k2,l0,26,n2,o1,p0,q1,r1,s0,t0,u1
a1,8,c2,d3,1414,f0,g2,h3,i2,j2,k1,l0,33,n2,o1,p0,q2,r1,s0,t0,u1
a1,12,c2,d3,1103,f0,g3,h3,i2,j2,k2,l0,29,n2,o1,p1,q2,r1,s0,t1,u1
a1,12,c3,d3,585,f0,g2,h3,i3,j1,k3,l0,20,n2,o0,p1,q2,r1,s0,t1,u1
a1,6,c2,d3,1068,f0,g4,h3,i2,j0,k3,l2,28,n2,o1,p0,q2,r0,s0,t1,u1
a0,8,c4,d0,713,f0,g4,h3,i2,j0,k3,l0,47,n2,o1,p1,q1,r1,s0,t1,u1
a1,12,c2,d3,1092,f0,g2,h3,i1,j2,k3,l0,49,n2,o1,p1,q2,r1,s1,t1,u1
a1,7,c2,d3,2329,f0,g1,h0,i1,j2,k0,l0,45,n2,o1,p0,q2,r1,s0,t1,u1
a1,13,c4,d3,882,f0,g1,h3,i2,j2,k3,l0,23,n2,o1,p1,q2,r1,s0,t1,u1
a1,18,c2,d3,866,f0,g2,h3,i3,j2,k1,l0,25,n2,o1,p0,q1,r1,s0,t1,u1
a1,7,c2,d3,2415,f0,g2,h2,i2,j2,k1,l0,34,n2,o1,p0,q2,r1,s0,t1,u1
a1,13,c2,d3,2101,f0,g1,h1,i1,j2,k3,l1,23,n2,o1,p0,q1,r1,s0,t1,u1
a1,18,c2,d3,1301,f0,g4,h3,i3,j2,k1,l0,32,n2,o1,p0,q1,r1,s0,t1,u1
a1,18,c2,d3,1113,f0,g2,h3,i1,j2,k3,l0,26,n2,o1,p0,q1,r0,s0,t1,u1
a1,8,c2,d3,760,f0,g3,h3,i1,j2,k1,l0,44,n2,o1,p0,q1,r1,s0,t1,u1
a1,12,c2,d3,625,f0,g1,h3,i3,j2,k0,l0,26,n0,o1,p0,q1,r1,s0,t1,u1
a2,6,c4,d0,1323,f1,g4,h1,i0,j0,k3,l2,28,n2,o1,p1,q2,r0,s1,t1,u1
a0,9,c4,d3,1138,f0,g2,h3,i2,j0,k3,l0,25,n2,o1,p1,q1,r1,s0,t1,u1
a1,18,c4,d3,1795,f0,g4,h2,i1,j2,k3,l0,48,n0,o0,p1,q1,r1,s1,t1,u1
a1,15,c4,d3,2728,f4,g3,h3,i2,j2,k1,l0,35,n0,o1,p2,q2,r1,s1,t1,u1
a1,6,c2,d3,484,f0,g3,h2,i3,j2,k2,l0,28,n0,o1,p0,q1,r1,s0,t1,u1
a1,10,c1,d3,1048,f0,g2,h3,i2,j0,k3,l0,23,n1,o1,p0,q1,r1,s0,t1,u1
a1,12,c2,d3,1155,f0,g4,h2,i3,j2,k2,l0,40,n0,o1,p1,q1,r1,s0,t1,u1
a1,20,c3,d1,7057,f4,g3,h2,i2,j0,k3,l1,36,n0,o0,p1,q3,r0,s1,t1,u1
a1,15,c4,d3,1537,f4,g4,h3,i2,j2,k3,l0,50,n2,o1,p1,q2,r1,s1,t1,u1
a0,12,c2,d3,2214,f0,g2,h3,i2,j0,k2,l1,24,n2,o1,p0,q1,r1,s0,t1,u1
a3,24,c4,d2,1585,f0,g3,h3,i2,j0,k2,l1,40,n2,o1,p1,q2,r1,s0,t1,u1
a1,10,c2,d2,1521,f0,g2,h3,i0,j0,k1,l2,31,n2,o1,p0,q1,r1,s0,t1,u1
a1,36,c1,d4,3990,f4,g1,h2,i1,j0,k1,l3,29,n0,o1,p0,q0,r1,s0,t1,u1
a2,18,c2,d2,3049,f0,g1,h0,i1,j0,k0,l1,45,n1,o1,p0,q1,r1,s0,t1,u1
a0,24,c2,d3,1282,f1,g2,h3,i1,j0,k1,l2,32,n2,o1,p0,q1,r1,s0,t1,u0
a3,60,c2,d3,10144,f1,g3,h1,i1,j0,k3,l0,21,n2,o1,p0,q2,r1,s1,t1,u1
a0,12,c2,d0,1168,f0,g2,h3,i3,j0,k2,l0,27,n2,o1,p0,q1,r1,s0,t1,u1
a1,6,c2,d5,454,f0,g1,h2,i3,j0,k0,l1,22,n2,o1,p0,q1,r1,s0,t1,u1
a3,15,c3,d1,3594,f0,g1,h0,i1,j0,k1,l1,46,n2,o1,p1,q1,r1,s0,t1,u1
a3,12,c2,d2,1768,f0,g2,h2,i2,j0,k1,l0,24,n2,o0,p0,q1,r1,s0,t1,u1
a3,60,c3,d3,15653,f0,g3,h1,i2,j0,k3,l2,21,n2,o1,p1,q2,r1,s1,t1,u1
a2,12,c3,d0,2247,f0,g2,h1,i1,j0,k1,l2,36,n1,o1,p1,q2,r1,s1,t1,u1
a3,24,c2,d3,1413,f0,g2,h3,i3,j0,k1,l1,28,n2,o1,p0,q2,r1,s0,t1,u1
a1,45,c4,d1,4576,f1,g0,h2,i2,j0,k3,l2,27,n2,o1,p0,q2,r1,s0,t1,u1
a0,24,c4,d3,1231,f3,g4,h3,i1,j0,k3,l1,57,n2,o0,p1,q3,r1,s1,t1,u1
a0,36,c2,d1,8335,f4,g4,h2,i2,j0,k3,l3,47,n2,o2,p0,q2,r1,s0,t1,u0
a1,36,c4,d1,5800,f0,g2,h2,i2,j0,k3,l2,34,n2,o1,p1,q2,r1,s1,t1,u1
a0,18,c3,d6,8471,f4,g2,h0,i1,j0,k1,l2,23,n2,o0,p1,q2,r1,s1,t1,u1
a0,30,c2,d2,3622,f3,g4,h3,i1,j0,k3,l1,57,n2,o0,p1,q2,r1,s1,t1,u1
a0,6,c4,d3,1169,f4,g4,h3,i2,j0,k3,l0,67,n2,o1,p1,q2,r1,s1,t1,u1
a3,15,c2,d4,1262,f2,g3,h3,i2,j0,k2,l1,36,n2,o1,p1,q2,r1,s1,t1,u1
a2,24,c4,d2,3617,f4,g4,h3,i2,j1,k3,l3,20,n2,o0,p1,q2,r1,s0,t1,u1
a1,30,c4,d0,2181,f4,g4,h3,i2,j0,k3,l0,36,n2,o1,p1,q2,r1,s0,t1,u1
a0,48,c1,d8,7685,f0,g3,h1,i1,j2,k3,l2,37,n2,o0,p0,q2,r1,s0,t1,u0
a3,48,c4,d6,6110,f0,g2,h0,i2,j0,k2,l3,31,n0,o2,p0,q2,r1,s1,t1,u1
a3,24,c2,d0,3757,f0,g4,h3,i1,j1,k3,l3,62,n2,o2,p0,q2,r1,s1,t1,u1
a0,42,c4,d5,3394,f0,g0,h3,i2,j1,k3,l2,65,n2,o1,p1,q0,r1,s0,t1,u1
a3,36,c4,d8,6304,f4,g4,h3,i2,j0,k3,l0,36,n2,o1,p1,q2,r1,s0,t1,u1
a3,9,c4,d6,1244,f4,g4,h3,i1,j0,k3,l1,41,n2,o0,p1,q1,r1,s0,t1,u1
a3,6,c2,d0,3518,f0,g2,h1,i2,j2,k2,l1,26,n2,o0,p0,q2,r1,s0,t1,u1
a3,36,c0,d5,2613,f0,g2,h3,i2,j0,k1,l2,27,n2,o1,p1,q2,r1,s0,t1,u1
a0,48,c2,d6,7476,f0,g3,h3,i2,j0,k0,l3,50,n2,o2,p0,q3,r1,s1,t1,u1
a3,24,c2,d8,4591,f3,g2,h1,i2,j0,k2,l1,54,n2,o1,p2,q3,r1,s1,t1,u0
a1,18,c2,d2,1924,f4,g1,h3,i1,j0,k2,l0,27,n2,o0,p0,q2,r1,s0,t1,u0
a1,72,c2,d3,5595,f1,g2,h1,i3,j0,k1,l2,24,n2,o1,p0,q2,r1,s0,t1,u0
a1,48,c3,d6,6224,f0,g4,h3,i2,j0,k3,l3,50,n2,o2,p0,q2,r1,s0,t1,u0
a2,15,c2,d6,1905,f0,g4,h3,i2,j0,k3,l2,40,n2,o0,p0,q3,r1,s1,t1,u1
a3,21,c3,d1,2993,f0,g2,h2,i2,j0,k1,l0,28,n1,o1,p1,q1,r1,s0,t1,u1
a3,36,c3,d1,8947,f4,g3,h2,i2,j0,k1,l2,31,n1,o1,p0,q3,r0,s1,t1,u1
a0,24,c2,d2,4020,f0,g2,h1,i2,j0,k1,l2,27,n1,o1,p0,q2,r1,s0,t1,u1
a1,18,c2,d1,2779,f0,g2,h0,i3,j0,k2,l2,21,n2,o0,p0,q2,r1,s1,t1,u1
a3,21,c2,d0,2782,f2,g3,h0,i1,j0,k1,l2,31,n0,o1,p0,q3,r1,s0,t1,u1
a3,12,c2,d0,1884,f0,g4,h3,i2,j0,k3,l2,39,n2,o1,p0,q3,r1,s1,t1,u1
a3,36,c4,d1,11054,f4,g2,h3,i2,j0,k1,l2,30,n2,o1,p0,q3,r1,s1,t1,u1
a1,60,c3,d3,9157,f4,g2,h1,i2,j0,k1,l3,27,n2,o2,p0,q3,r1,s0,t1,u1
a1,42,c1,d1,9283,f0,g0,h0,i2,j0,k1,l3,55,n0,o2,p0,q3,r1,s1,t1,u1
a3,60,c2,d0,6527,f4,g2,h3,i2,j0,k3,l3,34,n2,o2,p0,q2,r0,s1,t1,u1
a3,15,c4,d1,3368,f3,g4,h2,i2,j0,k3,l3,23,n2,o0,p1,q2,r1,s1,t1,u1
a0,15,c2,d0,2511,f0,g0,h0,i1,j0,k3,l2,23,n2,o0,p0,q2,r1,s0,t1,u1
a0,36,c2,d1,5493,f0,g4,h1,i2,j0,k3,l3,42,n2,o2,p0,q2,r0,s0,t1,u1
a3,6,c2,d4,1338,f2,g2,h0,i0,j0,k3,l0,62,n2,o1,p0,q2,r1,s0,t1,u1
a1,9,c2,d3,1082,f0,g4,h3,i2,j0,k3,l2,37,n2,o1,p1,q1,r1,s0,t1,u1
a3,18,c4,d3,1149,f3,g2,h3,i2,j0,k2,l0,46,n2,o1,p1,q2,r1,s0,t1,u1
a1,15,c2,d5,1308,f0,g4,h3,i2,j0,k3,l2,38,n2,o1,p1,q1,r1,s0,t1,u1
a1,20,c0,d1,6148,f1,g4,h2,i3,j0,k3,l2,31,n0,o1,p1,q2,r1,s1,t1,u1
a3,12,c2,d2,1736,f0,g3,h2,i1,j0,k3,l0,31,n2,o1,p0,q1,r1,s0,t1,u1
a3,12,c2,d3,3059,f3,g3,h1,i0,j0,k3,l0,61,n2,o1,p0,q1,r1,s0,t1,u1
a0,24,c2,d2,2996,f4,g2,h1,i3,j0,k3,l2,20,n2,o1,p0,q2,r1,s0,t1,u0
a3,30,c4,d1,7596,f4,g4,h0,i2,j0,k3,l2,63,n2,o1,p1,q2,r1,s0,t1,u1
a3,30,c2,d1,4811,f4,g3,h1,i1,j0,k3,l1,24,n1,o0,p0,q1,r1,s0,t1,u1
a3,6,c2,d2,1766,f0,g2,h0,i3,j0,k1,l1,21,n2,o0,p0,q2,r1,s0,t1,u1
a1,24,c2,d1,2760,f4,g4,h3,i2,j0,k3,l3,36,n0,o2,p0,q2,r1,s1,t1,u1
a3,24,c4,d5,5507,f0,g4,h2,i2,j0,k3,l3,44,n2,o2,p1,q2,r1,s0,t1,u1
a1,9,c2,d6,1199,f0,g3,h3,i1,j0,k3,l1,67,n2,o1,p1,q3,r1,s1,t1,u1
a2,24,c2,d2,2892,f0,g4,h2,i0,j0,k3,l3,51,n2,o2,p0,q2,r1,s0,t1,u1
a1,36,c3,d0,2862,f1,g4,h3,i2,j0,k2,l3,30,n2,o2,p0,q2,r1,s0,t1,u1
a0,9,c2,d0,654,f0,g2,h3,i2,j0,k2,l2,28,n2,o1,p0,q1,r1,s0,t1,u0
a1,9,c4,d6,1136,f3,g4,h3,i2,j0,k2,l3,32,n2,o2,p1,q2,r0,s0,t1,u0
a1,24,c2,d1,4113,f2,g1,h2,i1,j0,k3,l2,28,n2,o0,p0,q2,r1,s0,t1,u0
a1,6,c2,d0,14555,f4,g0,h0,i2,j0,k1,l1,23,n2,o1,p0,q0,r1,s1,t1,u0
a0,15,c0,d0,950,f0,g4,h3,i2,j0,k2,l2,33,n2,o0,p1,q2,r0,s0,t1,u0
a0,24,c4,d0,1199,f0,g4,h3,i2,j0,k3,l2,60,n2,o1,p1,q1,r1,s0,t1,u0
a0,12,c0,d0,1082,f0,g2,h3,i2,j0,k3,l2,48,n0,o1,p1,q2,r1,s0,t1,u0
a1,30,c2,d0,2150,f0,g2,h3,i1,j2,k1,l3,24,n0,o1,p0,q2,r1,s0,t1,u0
a1,36,c4,d0,2820,f0,g1,h3,i0,j0,k3,l2,27,n2,o1,p1,q2,r1,s0,t1,u0
a1,48,c2,d3,3060,f0,g3,h3,i2,j0,k3,l0,28,n2,o1,p1,q2,r1,s0,t1,u0
a0,18,c2,d3,2600,f0,g2,h3,i2,j0,k3,l3,65,n2,o2,p1,q2,r1,s0,t1,u0
a3,21,c0,d0,5003,f4,g2,h0,i1,j0,k3,l1,29,n0,o1,p1,q2,r1,s1,t1,u0
a1,60,c2,d6,6288,f0,g2,h3,i2,j0,k3,l3,42,n2,o2,p0,q2,r1,s0,t1,u0
a3,24,c3,d0,2538,f0,g4,h3,i2,j0,k3,l2,47,n2,o1,p1,q1,r0,s0,t1,u0
a3,9,c2,d3,1478,f0,g3,h3,i2,j0,k1,l2,22,n2,o1,p0,q2,r1,s0,t1,u0
a1,39,c4,d3,4933,f0,g3,h1,i2,j2,k1,l0,25,n2,o1,p1,q2,r1,s0,t1,u0
a3,18,c4,d0,1530,f0,g2,h2,i2,j0,k1,l1,32,n0,o1,p1,q2,r1,s0,t1,u0
a1,9,c1,d0,1437,f1,g3,h1,i2,j0,k2,l3,29,n2,o1,p0,q2,r1,s0,t1,u0
a0,15,c2,d4,1275,f4,g2,h3,i1,j0,k1,l2,24,n2,o0,p0,q2,r1,s0,t1,u0
a0,24,c2,d3,1823,f0,g0,h3,i2,j0,k1,l2,30,n1,o1,p0,q3,r0,s0,t1,u0
a0,9,c2,d0,1422,f0,g1,h2,i2,j0,k1,l3,27,n2,o2,p0,q3,r1,s1,t1,u0
a0,18,c2,d4,1217,f0,g2,h3,i3,j0,k2,l0,47,n2,o1,p0,q1,r1,s1,t1,u0
a0,36,c2,d0,9271,f0,g3,h1,i2,j0,k0,l2,24,n2,o1,p0,q2,r1,s1,t1,u0
a0,36,c3,d8,2145,f0,g3,h1,i2,j0,k0,l2,24,n2,o1,p1,q2,r1,s1,t1,u0
a0,36,c2,d0,1842,f0,g1,h3,i1,j0,k3,l2,34,n2,o1,p0,q2,r1,s1,t1,u0
a1,18,c3,d2,4297,f0,g4,h3,i0,j0,k2,l3,40,n2,o1,p0,q3,r1,s1,t1,u0
a0,6,c4,d2,3384,f0,g2,h0,i0,j0,k3,l0,44,n2,o0,p0,q3,r1,s1,t1,u0
a1,18,c4,d3,1245,f0,g2,h3,i3,j0,k1,l2,33,n2,o1,p0,q2,r1,s0,t1,u0
a3,15,c2,d6,4623,f1,g2,h2,i2,j0,k1,l1,40,n2,o1,p0,q3,r1,s1,t1,u0
a1,30,c4,d2,8386,f0,g3,h1,i2,j0,k1,l1,49,n2,o1,p0,q2,r1,s0,t1,u0
a0,24,c3,d3,1024,f0,g1,h3,i3,j0,k3,l0,48,n1,o1,p0,q2,r1,s0,t1,u0
a1,36,c2,d0,14318,f0,g4,h3,i2,j0,k1,l3,57,n2,o2,p0,q3,r1,s1,t1,u0
a1,6,c1,d6,433,f3,g1,h3,i1,j0,k1,l1,24,n0,o0,p0,q2,r0,s0,t1,u0
a0,12,c1,d3,2149,f0,g2,h3,i0,j0,k0,l3,29,n2,o2,p0,q2,r1,s0,t1,u0
a3,24,c2,d3,2397,f2,g4,h2,i2,j0,k1,l2,35,n0,o1,p1,q2,r1,s1,t1,u0
a1,6,c1,d0,931,f1,g1,h0,i1,j0,k0,l1,32,n1,o1,p0,q1,r1,s0,t1,u0
a1,15,c3,d5,1512,f3,g2,h2,i3,j0,k2,l1,61,n1,o1,p1,q2,r1,s0,t1,u0
a1,24,c0,d8,4241,f0,g2,h0,i2,j0,k3,l0,36,n2,o1,p2,q1,r1,s1,t1,u0
a1,24,c4,d2,4736,f0,g1,h1,i1,j0,k3,l2,25,n0,o1,p0,q1,r1,s0,t1,u0
a1,15,c0,d0,1778,f0,g1,h1,i1,j0,k0,l0,26,n2,o0,p1,q0,r1,s0,t1,u0
a2,15,c2,d3,2327,f0,g1,h1,i1,j0,k2,l0,25,n2,o1,p0,q1,r1,s0,t1,u0
a0,24,c1,d2,6872,f0,g1,h1,i0,j0,k0,l1,55,n0,o1,p0,q2,r1,s1,t1,u0
a0,12,c2,d6,795,f0,g1,h3,i1,j0,k3,l1,53,n2,o1,p0,q2,r1,s0,t1,u0
a2,30,c3,d8,1908,f0,g4,h3,i2,j0,k3,l0,66,n2,o1,p0,q3,r1,s1,t1,u0
a1,36,c0,d8,1953,f0,g4,h3,i2,j0,k3,l3,61,n2,o2,p0,q3,r1,s1,t1,u0
a2,18,c2,d2,2864,f0,g2,h1,i2,j0,k0,l0,34,n2,o1,p0,q1,r0,s0,t1,u0
a2,21,c4,d6,2319,f0,g1,h1,i0,j0,k0,l2,33,n2,o0,p0,q2,r1,s0,t1,u0
a0,24,c2,d0,915,f4,g4,h3,i1,j0,k1,l2,29,n0,o1,p0,q2,r1,s0,t1,u0
a2,24,c2,d0,947,f0,g3,h3,i2,j0,k2,l3,38,n0,o2,p0,q2,r0,s0,t1,u0
a0,24,c2,d0,1381,f4,g2,h3,i1,j0,k1,l1,35,n2,o1,p0,q2,r1,s0,t1,u0
a0,24,c2,d0,1285,f4,g3,h3,i1,j0,k3,l3,32,n2,o0,p0,q2,r1,s0,t1,u0
a0,24,c2,d0,1371,f4,g2,h3,i1,j0,k3,l0,25,n2,o0,p0,q2,r1,s0,t1,u0
a1,18,c2,d0,1042,f4,g2,h3,i1,j0,k1,l1,33,n2,o1,p0,q2,r1,s0,t1,u0
a0,12,c2,d0,900,f4,g2,h3,i3,j0,k1,l2,23,n2,o1,p0,q2,r1,s0,t1,u0
a0,24,c2,d0,1207,f0,g1,h3,i1,j0,k3,l1,24,n2,o0,p0,q2,r1,s0,t1,u0
a1,18,c0,d0,2278,f1,g1,h2,i1,j0,k2,l2,28,n2,o1,p1,q2,r1,s0,t1,u0
a0,60,c3,d8,6836,f0,g4,h2,i2,j0,k3,l3,63,n2,o1,p1,q2,r1,s1,t1,u0
a0,24,c2,d2,3345,f0,g4,h3,i2,j0,k1,l1,39,n2,o0,p0,q3,r1,s1,t1,u0
a0,6,c1,d6,1198,f0,g4,h3,i1,j0,k3,l3,35,n2,o2,p0,q2,r1,s0,t1,u0
a1,48,c2,d8,15672,f0,g2,h1,i2,j0,k1,l2,23,n2,o1,p0,q2,r1,s1,t1,u0
a0,60,c2,d8,7297,f0,g4,h3,i2,j1,k3,l3,36,n2,o0,p0,q2,r1,s0,t1,u0
a3,18,c2,d5,1943,f0,g1,h3,i1,j0,k3,l0,23,n2,o1,p0,q2,r1,s0,t1,u0
a0,18,c2,d3,3190,f0,g2,h1,i1,j0,k1,l0,24,n2,o1,p0,q2,r1,s0,t1,u0
a1,9,c1,d1,5129,f0,g4,h1,i1,j0,k3,l3,74,n0,o2,p0,q3,r0,s1,t1,u0
a3,18,c3,d2,1808,f0,g3,h3,i1,j0,k0,l0,22,n2,o1,p0,q2,r1,s0,t1,u0
a2,10,c2,d0,1240,f1,g4,h0,i1,j0,k3,l3,48,n2,o2,p0,q1,r0,s0,t1,u0
a0,12,c2,d0,759,f0,g3,h3,i2,j0,k1,l0,26,n2,o1,p0,q2,r1,s0,t1,u0
a1,8,c2,d2,1237,f0,g2,h2,i1,j0,k3,l0,24,n2,o1,p0,q2,r1,s0,t1,u0
a3,9,c2,d2,1980,f0,g1,h1,i1,j1,k1,l2,19,n2,o0,p1,q2,r1,s0,t1,u0
a1,48,c2,d3,10961,f3,g3,h0,i2,j1,k1,l3,27,n0,o1,p1,q2,r1,s1,t1,u0
a0,36,c3,d6,6887,f0,g2,h3,i2,j0,k2,l1,29,n1,o1,p0,q2,r1,s1,t1,u0
a0,24,c2,d3,1938,f0,g1,h3,i0,j0,k2,l1,32,n2,o1,p0,q2,r1,s0,t1,u0
a0,21,c2,d3,1835,f0,g2,h2,i1,j0,k1,l0,25,n2,o1,p1,q2,r1,s1,t1,u0
a0,24,c3,d3,1659,f0,g1,h3,i1,j0,k1,l2,29,n2,o0,p0,q1,r1,s1,t1,u0
a1,6,c3,d0,1209,f0,g0,h3,i2,j0,k3,l1,47,n2,o1,p0,q3,r1,s1,t1,u0
a1,48,c0,d8,3844,f1,g3,h3,i2,j0,k3,l3,34,n2,o2,p0,q1,r0,s0,t1,u0
a0,12,c4,d0,4843,f0,g4,h2,i2,j1,k3,l1,43,n2,o0,p1,q2,r1,s1,t1,u0
a1,12,c2,d5,639,f0,g2,h3,i2,j0,k1,l2,30,n2,o1,p0,q2,r1,s0,t1,u0
a1,48,c2,d3,5951,f0,g2,h1,i1,j0,k1,l0,22,n2,o1,p0,q2,r1,s0,t1,u0
a1,36,c0,d3,3804,f0,g2,h3,i1,j0,k0,l2,42,n2,o1,p0,q2,r1,s1,t1,u0
a3,36,c3,d3,4463,f0,g2,h3,i2,j0,k1,l2,26,n2,o1,p1,q3,r1,s1,t1,u0
a3,36,c3,d8,7980,f4,g1,h3,i2,j0,k3,l2,27,n2,o0,p1,q2,r1,s1,t1,u0
a2,36,c2,d3,4210,f0,g2,h3,i2,j0,k1,l2,26,n2,o1,p0,q2,r1,s0,t1,u0
a3,6,c2,d2,4611,f0,g1,h0,i1,j0,k3,l1,32,n2,o1,p0,q2,r1,s0,t1,u0
a1,24,c2,d1,11560,f0,g2,h0,i1,j0,k3,l2,23,n2,o0,p1,q3,r1,s0,t1,u0
a3,18,c0,d8,4165,f0,g2,h1,i2,j0,k1,l2,36,n1,o1,p1,q2,r0,s0,t1,u0
a1,24,c2,d2,4057,f0,g3,h2,i0,j0,k2,l2,43,n2,o1,p0,q2,r1,s1,t1,u0
a3,18,c1,d0,6458,f0,g4,h1,i2,j0,k3,l3,39,n0,o1,p1,q3,r0,s1,t1,u0
a3,12,c2,d0,1386,f2,g2,h1,i1,j0,k1,l1,26,n2,o1,p0,q2,r1,s0,t1,u0
a0,36,c2,d6,1977,f4,g4,h3,i2,j0,k3,l3,40,n2,o1,p0,q3,r1,s1,t1,u0
a1,18,c4,d2,1928,f0,g1,h1,i2,j0,k1,l0,31,n2,o1,p1,q1,r1,s0,t1,u0
a3,12,c2,d2,1123,f2,g2,h3,i1,j0,k3,l2,29,n2,o0,p0,q1,r1,s0,t1,u0
a1,24,c2,d9,11328,f0,g2,h1,i2,j1,k2,l2,29,n0,o1,p1,q3,r1,s1,t1,u0
a1,24,c4,d9,11938,f0,g2,h1,i2,j1,k2,l2,39,n2,o1,p1,q3,r0,s1,t1,u0
a1,27,c4,d3,2520,f2,g2,h3,i2,j0,k1,l1,23,n2,o1,p1,q1,r1,s0,t1,u0
a1,30,c3,d3,1919,f1,g1,h3,i2,j0,k2,l3,30,n1,o1,p1,q3,r1,s0,t1,u0
a1,60,c1,d9,14782,f1,g4,h2,i1,j0,k3,l3,60,n0,o2,p1,q3,r1,s1,t1,u0
a1,36,c2,d3,2671,f1,g2,h3,i1,j1,k3,l3,50,n2,o2,p0,q2,r1,s0,t1,u0
a1,36,c2,d6,12612,f1,g2,h0,i2,j0,k3,l3,47,n2,o2,p0,q2,r0,s1,t1,u0
a1,45,c2,d3,3031,f1,g2,h3,i2,j2,k3,l1,21,n2,o0,p0,q2,r1,s0,t1,u0
a0,12,c1,d3,626,f0,g2,h3,i1,j0,k3,l0,24,n0,o1,p0,q1,r1,s0,t1,u0
a1,24,c4,d8,1935,f0,g4,h3,i0,j0,k3,l0,31,n2,o1,p1,q2,r1,s1,t1,u0
a2,24,c4,d0,1344,f4,g3,h3,i2,j0,k1,l0,37,n0,o1,p1,q1,r0,s0,t1,u0
a3,18,c2,d2,1533,f0,g1,h3,i3,j1,k0,l1,43,n2,o1,p0,q1,r0,s0,t1,u0
a0,48,c2,d0,3931,f0,g3,h3,i2,j0,k3,l3,46,n2,o2,p0,q2,r0,s0,t1,u0
a0,24,c1,d2,3349,f2,g1,h3,i2,j0,k3,l3,30,n2,o2,p0,q2,r0,s1,t1,u0
a0,36,c2,d3,2302,f0,g2,h3,i0,j0,k3,l2,31,n2,o0,p0,q2,r1,s0,t1,u0
a0,42,c2,d3,3965,f0,g1,h3,i2,j0,k2,l2,34,n2,o1,p0,q2,r1,s0,t1,u0
a0,12,c2,d3,727,f1,g1,h3,i3,j0,k2,l3,33,n2,o1,p0,q1,r1,s1,t1,u0
a3,48,c2,d8,3914,f4,g2,h3,i0,j0,k1,l0,38,n0,o1,p0,q2,r1,s0,t1,u0
a0,48,c2,d8,4308,f0,g1,h2,i1,j0,k3,l1,24,n2,o0,p0,q2,r1,s0,t1,u0
a1,12,c2,d3,1534,f0,g1,h0,i3,j0,k0,l0,23,n2,o0,p0,q2,r1,s0,t1,u0
a3,18,c4,d0,2775,f0,g3,h1,i2,j0,k1,l1,31,n0,o1,p1,q2,r1,s0,t1,u0
a0,40,c4,d6,5998,f0,g2,h3,i2,j0,k2,l3,27,n0,o1,p0,q2,r1,s1,t1,u0
a2,15,c4,d3,1271,f4,g2,h2,i2,j0,k3,l3,39,n2,o2,p1,q2,r1,s1,t1,u0
a1,12,c2,d0,1295,f0,g1,h2,i1,j0,k0,l2,25,n2,o0,p0,q2,r1,s0,t1,u0
a1,36,c2,d1,9398,f0,g1,h0,i3,j0,k3,l2,28,n2,o0,p0,q3,r1,s1,t1,u0
a1,12,c2,d2,951,f1,g1,h3,i1,j0,k3,l2,27,n0,o0,p3,q2,r1,s0,t1,u0
a1,24,c2,d0,1355,f0,g1,h2,i1,j0,k3,l2,25,n2,o1,p0,q1,r1,s1,t1,u0
a0,48,c2,d4,3051,f0,g2,h2,i2,j0,k3,l2,54,n2,o1,p0,q2,r1,s0,t1,u0
a3,36,c4,d0,7855,f0,g2,h3,i1,j0,k1,l0,25,n1,o1,p1,q2,r1,s1,t1,u0
a3,18,c2,d3,433,f0,g0,h2,i1,j1,k3,l0,22,n2,o0,p0,q2,r1,s0,t1,u0
a3,36,c3,d8,9572,f0,g1,h0,i0,j0,k0,l2,28,n2,o1,p1,q2,r1,s0,t1,u0
a1,24,c1,d6,1837,f0,g3,h3,i1,j0,k3,l3,34,n0,o2,p0,q1,r1,s0,t1,u0
a1,30,c4,d0,4249,f0,g0,h3,i3,j0,k1,l2,28,n2,o1,p1,q3,r1,s0,t1,u0
a1,30,c4,d0,5234,f0,g0,h3,i3,j0,k1,l2,28,n2,o1,p1,q3,r1,s0,t1,u0
a0,48,c2,d3,6758,f0,g2,h2,i1,j0,k1,l2,31,n2,o1,p0,q2,r1,s1,t1,u0
a0,9,c2,d3,1366,f0,g1,h2,i1,j0,k3,l1,22,n2,o0,p0,q2,r1,s0,t1,u0
a0,24,c1,d9,1358,f4,g4,h3,i2,j0,k2,l2,40,n1,o1,p0,q3,r1,s1,t1,u0
a0,18,c2,d2,2473,f0,g0,h3,i2,j0,k0,l2,25,n2,o1,p0,q0,r1,s0,t1,u0
a2,9,c0,d3,1337,f0,g1,h3,i2,j0,k1,l2,34,n2,o1,p1,q3,r1,s1,t1,u0
a0,48,c2,d0,7763,f0,g4,h3,i2,j0,k3,l3,42,n0,o2,p0,q3,r1,s0,t1,u0
a1,15,c1,d0,1264,f1,g2,h1,i3,j0,k1,l1,25,n2,o0,p0,q2,r1,s0,t1,u0
a1,15,c2,d0,2631,f1,g2,h1,i1,j0,k3,l2,28,n2,o0,p1,q2,r1,s1,t1,u0
a1,48,c2,d0,6560,f1,g3,h2,i2,j0,k1,l1,24,n2,o1,p0,q2,r1,s0,t1,u0
a0,24,c2,d0,3123,f0,g1,h3,i1,j0,k0,l1,27,n2,o1,p0,q2,r1,s0,t1,u0
a0,36,c4,d6,8065,f0,g2,h2,i1,j0,k1,l3,25,n2,o1,p1,q3,r1,s1,t1,u0
a0,24,c2,d3,2439,f0,g1,h3,i1,j0,k3,l0,35,n2,o1,p0,q2,r1,s1,t1,u0
a1,36,c2,d2,9034,f1,g1,h3,i2,j1,k0,l3,29,n2,o0,p0,q3,r1,s1,t1,u0
a1,60,c2,d0,14027,f0,g3,h3,i2,j0,k1,l3,27,n2,o1,p0,q3,r1,s1,t1,u0
a0,36,c4,d1,9629,f0,g3,h3,i2,j0,k3,l2,24,n2,o1,p1,q2,r1,s1,t1,u0
a1,12,c2,d3,1484,f4,g2,h1,i3,j0,k0,l0,25,n2,o1,p0,q2,r1,s1,t1,u0
a0,18,c2,d2,1131,f0,g0,h3,i1,j0,k1,l2,33,n2,o1,p0,q2,r1,s0,t1,u0
a1,24,c3,d2,2064,f0,g0,h2,i1,j0,k1,l1,34,n2,o1,p0,q3,r1,s1,t1,u0
a1,18,c2,d1,12976,f0,g0,h2,i1,j0,k3,l3,38,n2,o2,p0,q3,r1,s1,t1,u0
a3,21,c3,d8,2580,f2,g1,h3,i2,j0,k1,l0,41,n0,o1,p0,q1,r0,s0,t1,u0
a3,27,c2,d0,2570,f0,g2,h2,i1,j0,k2,l0,21,n2,o0,p0,q2,r1,s0,t1,u0
a1,27,c2,d8,3915,f0,g2,h3,i2,j0,k1,l2,36,n2,o1,p0,q2,r0,s1,t1,u0
a3,10,c2,d0,1309,f4,g2,h3,i2,j2,k3,l1,27,n2,o1,p0,q1,r1,s0,t1,u0
a0,24,c2,d0,4817,f0,g3,h1,i2,j1,k2,l1,31,n2,o1,p0,q2,r1,s1,t1,u0
a0,12,c2,d0,2579,f0,g1,h3,i2,j0,k0,l0,33,n2,o1,p0,q1,r0,s0,t1,u0
a1,36,c3,d0,2225,f0,g4,h3,i2,j0,k3,l3,57,n0,o2,p1,q2,r1,s1,t1,u0
a0,18,c2,d2,4153,f0,g2,h1,i2,j1,k2,l2,42,n2,o1,p0,q2,r1,s0,t1,u0
a0,18,c0,d2,3114,f0,g1,h0,i1,j0,k3,l1,26,n2,o0,p0,q2,r1,s0,t1,u0
a0,18,c4,d2,2124,f0,g2,h3,i1,j0,k3,l0,24,n2,o0,p1,q2,r1,s0,t1,u0
a0,18,c1,d2,1553,f0,g2,h3,i2,j0,k2,l2,44,n0,o1,p0,q2,r1,s0,t1,u0
a0,30,c2,d2,2406,f0,g3,h3,i1,j0,k3,l0,23,n2,o0,p0,q2,r1,s0,t1,u0
a0,24,c3,d0,1333,f0,g0,h3,i2,j0,k1,l0,43,n2,o2,p1,q2,r0,s0,t1,u0
a0,48,c0,d2,7119,f0,g2,h2,i2,j0,k3,l3,53,n2,o2,p1,q2,r0,s0,t1,u0
a0,24,c3,d0,4870,f0,g2,h2,i2,j0,k3,l3,53,n2,o2,p1,q2,r0,s0,t1,u0
a0,12,c4,d0,691,f0,g4,h3,i2,j0,k2,l1,35,n2,o1,p1,q2,r1,s0,t1,u0
a0,42,c3,d3,4370,f0,g3,h2,i2,j0,k1,l1,26,n0,o1,p1,q2,r0,s1,t1,u0
a0,36,c1,d2,2746,f0,g4,h3,i2,j0,k3,l2,31,n0,o1,p0,q2,r1,s0,t1,u0
a0,24,c0,d2,4110,f0,g4,h2,i2,j0,k3,l3,23,n0,o0,p1,q2,r0,s0,t1,u0
a0,18,c2,d2,2462,f0,g2,h1,i2,j0,k1,l2,22,n2,o1,p0,q2,r1,s0,t1,u0
a0,12,c2,d2,1282,f0,g2,h1,i1,j0,k3,l2,20,n2,o0,p0,q2,r1,s0,t1,u0
a1,12,c0,d2,2969,f0,g1,h3,i1,j0,k2,l1,25,n2,o0,p1,q2,r1,s0,t1,u0
a0,48,c0,d1,4605,f0,g4,h2,i2,j0,k3,l3,24,n2,o2,p1,q2,r0,s0,t1,u0
a0,48,c4,d1,6331,f0,g4,h3,i2,j0,k3,l3,46,n2,o2,p1,q2,r1,s1,t1,u0
a0,24,c1,d2,3552,f0,g3,h2,i2,j0,k3,l2,27,n0,o1,p0,q2,r1,s0,t1,u0
a0,12,c1,d0,697,f0,g1,h3,i2,j0,k1,l2,46,n0,o1,p1,q2,r1,s1,t1,u0
a0,24,c2,d0,1442,f0,g3,h3,i1,j0,k3,l2,23,n2,o0,p1,q2,r1,s0,t1,u0
a0,27,c0,d8,5293,f0,g0,h1,i2,j0,k3,l1,50,n2,o1,p1,q2,r1,s1,t1,u0
a0,21,c3,d6,3414,f0,g1,h1,i2,j0,k0,l1,26,n1,o1,p1,q2,r1,s0,t1,u0
a0,18,c2,d2,2039,f0,g2,h0,i1,j0,k3,l0,20,n2,o0,p0,q2,r1,s0,t1,u0
a0,24,c1,d8,3161,f0,g2,h3,i2,j0,k1,l1,31,n0,o0,p0,q2,r1,s1,t1,u0
a0,12,c2,d7,902,f0,g3,h3,i3,j0,k3,l1,21,n2,o0,p0,q2,r1,s0,t1,u0
a0,48,c2,d1,10297,f0,g3,h3,i2,j0,k3,l3,39,n2,o2,p2,q2,r0,s1,t1,u0
a1,48,c0,d8,14421,f0,g2,h1,i2,j0,k1,l2,25,n1,o1,p0,q2,r1,s1,t1,u0
a1,18,c4,d0,1056,f0,g4,h2,i2,j2,k2,l0,30,n2,o1,p1,q2,r1,s0,t1,u0
a0,12,c2,d0,1274,f0,g1,h2,i1,j0,k0,l0,37,n0,o1,p0,q1,r1,s0,t1,u0
a1,12,c2,d0,1223,f0,g4,h0,i0,j0,k0,l0,46,n2,o0,p1,q2,r1,s0,t1,u0
a0,12,c2,d0,1372,f0,g3,h1,i0,j0,k2,l2,36,n2,o1,p0,q2,r1,s0,t1,u0
a0,16,c4,d0,2625,f0,g4,h1,i2,j2,k3,l1,43,n2,o0,p0,q2,r1,s1,t0,u0
a0,20,c4,d0,2235,f0,g2,h3,i3,j2,k1,l1,33,n0,o0,p1,q2,r1,s0,t0,u0
a1,9,c2,d2,959,f0,g2,h0,i1,j0,k1,l2,29,n0,o1,p0,q2,r1,s0,t1,u0
a1,18,c4,d0,884,f0,g4,h3,i2,j0,k3,l2,36,n2,o1,p0,q2,r0,s1,t1,u0
a1,24,c2,d0,1246,f0,g1,h3,i2,j0,k1,l0,23,n0,o1,p0,q1,r1,s0,t1,u0
a1,36,c3,d0,8086,f1,g4,h1,i2,j0,k3,l2,42,n1,o1,p3,q3,r1,s1,t1,u0
a3,48,c4,d0,10127,f2,g2,h1,i2,j0,k1,l3,44,n2,o2,p0,q2,r1,s0,t1,u0
a1,12,c2,d0,888,f0,g4,h3,i2,j0,k3,l2,41,n0,o1,p0,q1,r0,s0,t1,u0
a3,12,c2,d6,719,f0,g4,h3,i2,j0,k3,l2,41,n0,o1,p0,q1,r0,s0,t1,u0
a1,36,c2,d0,12389,f4,g2,h0,i2,j0,k3,l3,37,n0,o2,p0,q2,r1,s1,t1,u0
a0,12,c2,d3,709,f0,g4,h3,i2,j0,k3,l0,57,n2,o1,p0,q1,r1,s0,t1,u0
a1,15,c1,d0,6850,f1,g0,h0,i2,j0,k1,l1,34,n1,o1,p0,q3,r0,s1,t1,u0
a3,10,c2,d2,2210,f0,g2,h1,i2,j0,k1,l0,25,n2,o0,p0,q1,r1,s0,t1,u0
a3,30,c1,d1,7485,f4,g0,h3,i1,j0,k0,l0,53,n0,o1,p0,q3,r1,s1,t1,u0
a0,18,c1,d0,1442,f0,g3,h3,i2,j0,k3,l3,32,n0,o2,p1,q1,r0,s0,t1,u0
a3,12,c4,d3,797,f4,g4,h3,i1,j0,k2,l1,33,n2,o1,p0,q1,r0,s0,t1,u0
a1,45,c4,d3,4746,f0,g1,h3,i2,j0,k1,l1,24,n0,o1,p1,q1,r1,s0,t1,u0
a2,12,c4,d0,939,f2,g3,h3,i3,j0,k1,l0,28,n2,o1,p2,q2,r1,s1,t1,u0
a1,21,c2,d8,1188,f0,g4,h1,i1,j0,k3,l1,39,n2,o1,p0,q2,r0,s0,t1,u0
a3,48,c4,d1,11590,f1,g2,h1,i1,j0,k3,l2,24,n2,o0,p1,q1,r1,s0,t1,u0
a2,12,c1,d8,609,f0,g1,h3,i1,j0,k0,l0,26,n0,o1,p0,q0,r1,s0,t1,u0
a0,18,c4,d5,1190,f0,g0,h1,i1,j0,k3,l3,55,n2,o2,p2,q0,r0,s0,t1,u0
a1,21,c2,d8,2767,f1,g4,h3,i0,j0,k1,l2,61,n2,o0,p1,q1,r1,s0,t1,u0
a1,30,c2,d2,3441,f1,g2,h1,i1,j1,k3,l2,21,n0,o0,p0,q2,r1,s0,t1,u0
a1,30,c0,d8,4280,f1,g2,h3,i1,j0,k3,l2,26,n2,o0,p1,q1,r1,s0,t1,u0
a1,24,c2,d3,3092,f1,g1,h2,i3,j0,k1,l2,22,n2,o0,p0,q2,r1,s1,t1,u0
a3,18,c2,d0,6761,f4,g2,h1,i2,j0,k3,l2,68,n1,o0,p1,q2,r1,s0,t1,u0
a1,12,c2,d3,1331,f0,g1,h1,i2,j0,k0,l2,22,n2,o1,p0,q2,r1,s0,t1,u0
a1,54,c0,d8,15945,f0,g1,h2,i2,j0,k3,l3,58,n2,o0,p0,q2,r1,s1,t1,u0
a0,24,c2,d2,3234,f0,g1,h3,i1,j0,k3,l0,23,n2,o0,p0,q1,r1,s1,t1,u0
a1,15,c2,d3,802,f0,g4,h3,i2,j0,k2,l2,37,n2,o1,p0,q2,r0,s0,t1,u0
a1,48,c2,d2,9960,f0,g1,h0,i1,j0,k1,l2,26,n0,o1,p0,q2,r1,s1,t1,u0
a3,24,c3,d8,8648,f0,g1,h1,i2,j0,k1,l2,27,n0,o1,p1,q2,r1,s1,t1,u0
a0,18,c2,d3,1345,f0,g2,h3,i3,j0,k2,l0,26,n2,o1,p0,q2,r1,s0,t1,u0
a0,45,c2,d3,1845,f0,g2,h3,i2,j0,k3,l3,23,n2,o2,p0,q2,r1,s1,t1,u0
a0,21,c1,d0,1647,f4,g2,h3,i2,j0,k1,l1,40,n0,o1,p1,q1,r0,s0,t1,u0
a3,48,c2,d8,4844,f0,g0,h2,i2,j0,k1,l2,33,n2,o0,p0,q3,r1,s1,t1,u0
a1,27,c0,d8,8318,f0,g4,h1,i1,j0,k3,l3,42,n1,o2,p1,q3,r1,s1,t1,u0
a2,18,c2,d3,2100,f0,g2,h3,i2,j1,k1,l0,37,n2,o1,p0,q2,r1,s0,t1,u0
a0,45,c0,d8,11816,f0,g4,h1,i2,j0,k3,l2,29,n2,o0,p1,q2,r1,s0,t1,u0
a0,6,c2,d6,448,f0,g1,h3,i1,j0,k3,l1,23,n2,o1,p0,q2,r1,s0,t1,u0
a0,30,c2,d5,11998,f0,g1,h0,i0,j0,k0,l3,34,n0,o1,p0,q1,r1,s1,t1,u0
a1,48,c0,d9,18424,f0,g2,h0,i1,j0,k1,l1,32,n0,o1,p0,q3,r1,s1,t0,u0
a0,6,c2,d0,14896,f0,g4,h0,i2,j0,k3,l3,68,n0,o1,p0,q3,r1,s1,t1,u0
a1,12,c2,d2,2762,f4,g4,h0,i1,j0,k1,l1,25,n2,o1,p0,q2,r1,s1,t1,u0
a0,12,c2,d1,3386,f0,g4,h2,i2,j0,k3,l3,35,n2,o2,p0,q2,r1,s1,t1,u0
a1,24,c2,d3,2039,f0,g1,h0,i3,j0,k0,l1,22,n2,o1,p0,q2,r1,s1,t1,u0
a3,18,c3,d8,2169,f0,g2,h3,i3,j0,k1,l2,28,n2,o1,p0,q2,r1,s1,t1,u0
a1,48,c4,d2,5096,f0,g2,h1,i1,j0,k2,l2,30,n2,o1,p0,q3,r1,s1,t1,u0
a0,18,c2,d3,1882,f0,g2,h3,i1,j0,k3,l2,25,n0,o0,p1,q2,r1,s0,t1,u0
a0,48,c2,d3,6999,f0,g3,h0,i3,j2,k0,l0,34,n2,o1,p1,q2,r1,s1,t1,u0
a3,12,c4,d8,2292,f0,g0,h3,i2,j0,k1,l2,42,n1,o1,p1,q3,r1,s1,t1,u0
a0,14,c2,d0,8978,f0,g4,h0,i0,j0,k3,l1,45,n2,o1,p0,q3,r1,s1,t0,u0
a0,12,c2,d3,674,f1,g3,h3,i3,j0,k0,l1,20,n2,o1,p0,q2,r1,s0,t1,u0
a0,18,c2,d0,976,f0,g1,h0,i1,j0,k1,l2,23,n2,o1,p0,q1,r1,s0,t1,u0
a1,24,c2,d0,2718,f0,g2,h2,i1,j0,k3,l1,20,n2,o0,p0,q1,r1,s1,t1,u0
a0,18,c2,d6,750,f0,g0,h3,i1,j0,k0,l0,27,n2,o1,p0,q0,r1,s0,t1,u0
a1,24,c2,d1,12579,f0,g4,h3,i1,j0,k1,l3,44,n2,o2,p0,q3,r1,s1,t1,u0
a0,18,c2,d1,7511,f4,g4,h0,i2,j0,k3,l1,51,n2,o2,p0,q2,r0,s1,t1,u0
a0,18,c4,d0,3966,f0,g4,h0,i1,j0,k3,l0,33,n0,o0,p2,q2,r1,s1,t1,u0
a0,12,c0,d3,6199,f0,g2,h3,i2,j0,k1,l1,28,n2,o0,p1,q2,r1,s1,t1,u0
a0,24,c2,d3,1987,f0,g2,h1,i2,j0,k3,l0,21,n2,o0,p0,q1,r0,s0,t1,u0
a0,24,c2,d0,2303,f0,g4,h3,i2,j1,k0,l0,45,n2,o1,p0,q2,r1,s0,t1,u0
a3,21,c4,d0,12680,f4,g4,h3,i2,j0,k3,l3,30,n2,o2,p0,q3,r1,s1,t1,u0
a1,12,c2,d3,6468,f4,g0,h1,i2,j0,k0,l3,52,n2,o1,p0,q3,r1,s1,t1,u0
a0,30,c2,d2,6350,f4,g4,h3,i2,j0,k3,l1,31,n2,o1,p0,q2,r1,s0,t1,u0
